TIENDA_ID,PLAZA_CVE,NIVELSOCIOECONOMICO_DES,ENTORNO_DES,MTS2VENTAS_NUM,LATITUD_NUM,LONGITUD_NUM,SEGMENTO_MAESTRO_DESC,LID_UBICACION_TIENDA,DATASET,Exito,exito_binario
126,1,BC,Hogar,127.42,25.69107,-100.21261,Hogar Reunión,UT_DENSIDAD,TRAIN,90.5,1
681,1,C,Hogar,128.13,25.73571,-100.18086,Hogar Reunión,UT_DENSIDAD,TRAIN,95.2,1
117,1,C,Base,87.62,25.71883,-100.19133,Hogar Reunión,UT_DENSIDAD,TRAIN,52.4,0
682,1,C,Hogar,90.7,25.66952,-100.20744,Hogar Reunión,UT_DENSIDAD,TRAIN,100.0,1
275,1,C,Hogar,95.3,25.73766,-100.16116,Hogar Reunión,UT_DENSIDAD,TRAIN,66.7,0
684,1,C,Base,116.07,25.70486,-100.15613,Oficinistas,UT_GAS_URBANA,TRAIN,23.8,0
694,1,C,Receso,78.48,25.67955,-100.24328,Oficinistas,UT_TRAFICO_PEATONAL,TRAIN,100.0,1
272,1,C,Hogar,100.58,25.70058,-100.2018,Hogar Reunión,UT_DENSIDAD,TRAIN,100.0,1
702,1,C,Hogar,73.24,25.67344,-100.26084,Hogar Reunión,UT_DENSIDAD,TRAIN,95.2,1
704,1,C,Base,107.23,25.68419,-100.22138,Hogar Reunión,UT_TRAFICO_VEHICULAR,TRAIN,95.2,1
125,1,BC,Hogar,141.9,25.69017,-100.25164,Clásico,UT_TRAFICO_VEHICULAR,TRAIN,100.0,1
279,1,C,Hogar,104.2,25.67484,-100.24412,Hogar Reunión,UT_DENSIDAD,TRAIN,100.0,1
127,1,BC,Hogar,132.0,25.66474,-100.20913,Hogar Reunión,UT_GAS_URBANA,TRAIN,95.2,1
706,1,C,Hogar,120.87,25.73785,-100.20217,Hogar Reunión,UT_DENSIDAD,TRAIN,90.5,1
129,1,BC,Base,83.99,25.6808,-100.24372,Hogar Reunión,UT_TRAFICO_VEHICULAR,TRAIN,95.2,1
268,1,C,Base,121.2,25.69481,-100.23052,Clásico,UT_GAS_URBANA,TRAIN,100.0,1
131,1,BC,Hogar,99.65,25.64911,-100.26649,Clásico,UT_DENSIDAD,TRAIN,95.2,1
716,1,C,Hogar,121.21,25.7105,-100.21547,Hogar Reunión,UT_DENSIDAD,TRAIN,100.0,1
722,1,C,Base,118.3,25.69569,-100.24609,Oficinistas,UT_TRAFICO_VEHICULAR,TRAIN,95.2,1
726,1,C,Hogar,113.96,25.72278,-100.15421,Hogar Reunión,UT_DENSIDAD,TRAIN,90.5,1
135,1,BC,Hogar,124.5,25.69272,-100.25433,Clásico,UT_DENSIDAD,TRAIN,100.0,1
663,1,C,Base,115.76,25.71882,-100.16863,Hogar Reunión,UT_TRAFICO_VEHICULAR,TRAIN,33.3,0
639,1,C,Hogar,113.85,25.71143,-100.15224,Hogar Reunión,UT_DENSIDAD,TRAIN,100.0,1
642,1,C,Receso,88.39,25.70438,-100.22197,Oficinistas,UT_TRAFICO_PEATONAL,TRAIN,81.0,1
299,1,C,Hogar,94.0,25.68426,-100.21374,Hogar Reunión,UT_TRAFICO_VEHICULAR,TRAIN,95.2,1
298,1,C,Peatonal,103.3,25.67933,-100.24593,Oficinistas,UT_TRAFICO_PEATONAL,TRAIN,100.0,1
644,1,C,Base,105.69,25.7036,-100.15854,Hogar Reunión,UT_TRAFICO_PEATONAL,TRAIN,85.7,1
296,1,C,Hogar,86.0,25.66105,-100.25257,Clásico,UT_GAS_URBANA,TRAIN,100.0,1
652,1,C,Base,113.23,25.65635,-100.26234,Clásico,UT_TRAFICO_VEHICULAR,TRAIN,95.2,1
653,1,C,Hogar,112.09,25.69885,-100.12075,Clásico,UT_DENSIDAD,TRAIN,90.5,1
292,1,C,Hogar,114.0,25.72188,-100.20232,Hogar Reunión,UT_GAS_URBANA,TRAIN,100.0,1
291,1,C,Hogar,108.91,25.68419,-100.24388,Hogar Reunión,UT_DENSIDAD,TRAIN,100.0,1
731,1,C,Base,117.97,25.67493,-100.20706,Hogar Reunión,UT_GAS_URBANA,TRAIN,95.2,1
289,1,C,Hogar,114.04,25.70314,-100.23122,Hogar Reunión,UT_GAS_URBANA,TRAIN,90.5,1
288,1,D,Base,104.0,25.67442,-100.20493,Hogar Reunión,UT_TRAFICO_VEHICULAR,TRAIN,95.2,1
667,1,C,Hogar,122.19,25.73719,-100.15527,Hogar Reunión,UT_DENSIDAD,TRAIN,100.0,1
668,1,C,Hogar,93.08,25.72812,-100.18563,Hogar Reunión,UT_DENSIDAD,TRAIN,90.5,1
285,1,A,Hogar,130.46,25.64192,-100.26826,Clásico,UT_DENSIDAD,TRAIN,100.0,1
671,1,C,Base,114.21,25.67863,-100.26725,Hogar Reunión,UT_TRAFICO_VEHICULAR,TRAIN,100.0,1
674,1,C,Hogar,114.34,25.69528,-100.20643,Hogar Reunión,UT_DENSIDAD,TRAIN,95.2,1
281,1,BC,Hogar,121.54,25.69659,-100.25507,Hogar Reunión,UT_DENSIDAD,TRAIN,100.0,1
677,1,C,Hogar,110.81,25.68325,-100.23067,Parada Técnica,UT_DENSIDAD,TRAIN,81.0,1
834,1,C,Hogar,101.33,25.70647,-100.22508,Hogar Reunión,UT_DENSIDAD,TRAIN,84.6,1
792,1,C,Peatonal,87.25,25.67762,-100.25978,Oficinistas,UT_TRAFICO_PEATONAL,TRAIN,90.5,1
164,1,CD,Base,18.72,25.73369,-100.19908,Hogar Reunión,UT_GAS_URBANA,TRAIN,95.2,1
231,1,CD,Hogar,116.5,25.70295,-100.25852,Hogar Reunión,UT_GAS_URBANA,TRAIN,100.0,1
823,1,C,Hogar,108.66,25.66404,-100.23363,Hogar Reunión,UT_DENSIDAD,TRAIN,87.5,1
824,1,C,Hogar,97.92,25.7371,-100.16613,Hogar Reunión,UT_DENSIDAD,TRAIN,57.1,0
182,1,BC,Hogar,111.9,25.68312,-100.2139,Hogar Reunión,UT_DENSIDAD,TRAIN,100.0,1
223,1,BC,Hogar,128.96,25.66976,-100.23605,Hogar Reunión,UT_GAS_URBANA,TRAIN,100.0,1
828,1,C,Hogar,108.472,25.6678,-100.2209,Hogar Reunión,UT_DENSIDAD,TRAIN,60.0,0
832,1,C,Hogar,66.04,25.66925,-100.237,Hogar Reunión,UT_DENSIDAD,TRAIN,45.5,0
245,1,D,Hogar,116.0,25.73065,-100.18657,Hogar Reunión,UT_DENSIDAD,TRAIN,90.5,1
188,1,BC,Receso,95.3,25.68763,-100.24615,Parada Técnica,UT_GAS_URBANA,TRAIN,95.2,1
191,1,CD,Receso,131.5,25.69273,-100.24576,Clásico,UT_GAS_URBANA,TRAIN,38.1,0
847,1,C,Hogar,100.4,25.71567,-100.1601,Hogar Reunión,UT_GAS_URBANA,TRAIN,0.0,0
193,1,CD,Hogar,95.54,25.73871,-100.18913,Hogar Reunión,UT_DENSIDAD,TRAIN,95.2,1
212,1,CD,Base,134.24,25.69344,-100.1831,Parada Técnica,UT_CARRETERA_GAS,TRAIN,100.0,1
211,1,C,Hogar,127.62,25.74447,-100.17476,Hogar Reunión,UT_DENSIDAD,TRAIN,100.0,1
199,1,CD,Base,113.0,25.72332,-100.19058,Hogar Reunión,UT_TRAFICO_VEHICULAR,TRAIN,90.0,1
873,1,C,Receso,58.12,25.69741,-100.13975,Parada Técnica,UT_TRAFICO_VEHICULAR,TRAIN,0.0,0
254,1,C,Hogar,113.0,25.66872,-100.2344,Hogar Reunión,UT_GAS_URBANA,TRAIN,95.2,1
735,1,C,Hogar,83.57,25.71611,-100.18296,Hogar Reunión,UT_DENSIDAD,TRAIN,100.0,1
746,1,C,Hogar,104.1,25.6867,-100.19352,Hogar Reunión,UT_DENSIDAD,TRAIN,95.2,1
141,1,BC,Hogar,98.5,25.68098,-100.23912,Hogar Reunión,UT_DENSIDAD,TRAIN,90.5,1
259,1,C,Base,99.08,25.67765,-100.2596,Oficinistas,UT_TRAFICO_PEATONAL,TRAIN,90.5,1
753,1,C,Hogar,103.64,25.72788,-100.18008,Hogar Reunión,UT_DENSIDAD,TRAIN,95.2,1
754,1,C,Hogar,119.75,25.71732,-100.19217,Hogar Reunión,UT_DENSIDAD,TRAIN,90.5,1
145,1,BC,Hogar,112.5,25.66404,-100.21449,Hogar Reunión,UT_DENSIDAD,TRAIN,95.2,1
765,1,C,Hogar,94.42,25.69325,-100.23738,Oficinistas,UT_DENSIDAD,TRAIN,100.0,1
766,1,C,Base,118.52,25.72372,-100.14054,Hogar Reunión,UT_TRAFICO_VEHICULAR,TRAIN,100.0,1
395,1,C,Hogar,79.55,25.67661,-100.24879,Hogar Reunión,UT_DENSIDAD,TRAIN,100.0,1
253,1,C,Hogar,117.0,25.72968,-100.17269,Hogar Reunión,UT_DENSIDAD,TRAIN,95.2,1
769,1,C,Base,108.8,25.69461,-100.17078,Oficinistas,UT_TRAFICO_VEHICULAR,TRAIN,95.2,1
152,1,BC,Hogar,102.1,25.66861,-100.24023,Hogar Reunión,UT_DENSIDAD,TRAIN,100.0,1
783,1,C,Hogar,114.47,25.6989,-100.1506,Hogar Reunión,UT_DENSIDAD,TRAIN,90.5,1
789,1,C,Hogar,100.7,25.71404,-100.17443,Hogar Reunión,UT_DENSIDAD,TRAIN,95.2,1
248,1,CD,Base,100.28,25.70751,-100.19946,Oficinistas,UT_GAS_URBANA,TRAIN,95.2,1
156,1,BC,Hogar,115.0,25.67567,-100.22221,Hogar Reunión,UT_DENSIDAD,TRAIN,95.2,1
247,1,D,Hogar,104.6,25.69494,-100.21911,Hogar Reunión,UT_DENSIDAD,TRAIN,100.0,1
474,1,C,Hogar,115.79,25.71698,-100.13154,Hogar Reunión,UT_DENSIDAD,TRAIN,95.2,1
453,1,C,Base,107.02,25.74442,-100.16092,Hogar Reunión,UT_GAS_URBANA,TRAIN,95.2,1
455,1,C,Hogar,119.51,25.73055,-100.18982,Hogar Reunión,UT_DENSIDAD,TRAIN,38.1,0
366,1,C,Hogar,100.0,25.66606,-100.26935,Hogar Reunión,UT_GAS_URBANA,TRAIN,90.5,1
365,1,C,Base,97.54,25.6751,-100.21091,Oficinistas,UT_TRAFICO_PEATONAL,TRAIN,100.0,1
456,1,C,Hogar,127.9,25.74066,-100.1661,Hogar Reunión,UT_DENSIDAD,TRAIN,95.2,1
457,1,C,Hogar,81.3,25.73088,-100.15723,Hogar Reunión,UT_DENSIDAD,TRAIN,95.2,1
458,1,C,Hogar,101.46,25.70524,-100.20732,Hogar Reunión,UT_DENSIDAD,TRAIN,85.7,1
361,1,C,Hogar,93.0,25.71936,-100.16773,Hogar Reunión,UT_DENSIDAD,TRAIN,95.2,1
464,1,C,Hogar,138.92,25.70318,-100.24274,Hogar Reunión,UT_DENSIDAD,TRAIN,90.5,1
358,1,C,Base,93.0,25.70128,-100.16365,Hogar Reunión,UT_GAS_URBANA,TRAIN,90.5,1
447,1,C,Hogar,83.9,25.73034,-100.16336,Hogar Reunión,UT_TRAFICO_VEHICULAR,TRAIN,71.4,0
356,1,C,Hogar,77.0,25.66098,-100.26814,Hogar Reunión,UT_TRAFICO_VEHICULAR,TRAIN,100.0,1
355,1,C,Hogar,90.0,25.66743,-100.25439,Hogar Reunión,UT_TRAFICO_VEHICULAR,TRAIN,95.2,1
484,1,C,Hogar,115.75,25.71093,-100.13501,Hogar Reunión,UT_DENSIDAD,TRAIN,100.0,1
493,1,C,Base,119.41,25.68103,-100.25271,Hogar Reunión,UT_TRAFICO_VEHICULAR,TRAIN,100.0,1
352,1,C,Base,105.0,25.74532,-100.17814,Parada Técnica,UT_GAS_URBANA,TRAIN,95.2,1
351,1,C,Base,93.0,25.67929,-100.26519,Oficinistas,UT_GAS_URBANA,TRAIN,95.2,1
495,1,C,Base,115.7,25.66923,-100.23264,Hogar Reunión,UT_TRAFICO_VEHICULAR,TRAIN,95.2,1
503,1,C,Hogar,81.59,25.67292,-100.25155,Hogar Reunión,UT_DENSIDAD,TRAIN,100.0,1
348,1,C,Hogar,100.0,25.69414,-100.1901,Hogar Reunión,UT_DENSIDAD,TRAIN,100.0,1
506,1,C,Hogar,105.66,25.70051,-100.18745,Hogar Reunión,UT_DENSIDAD,TRAIN,95.2,1
401,1,C,Hogar,92.52,25.71205,-100.16304,Hogar Reunión,UT_TRAFICO_VEHICULAR,TRAIN,90.5,1
389,1,BC,Base,98.08,25.74648,-100.19411,Hogar Reunión,UT_GAS_URBANA,TRAIN,100.0,1
402,1,C,Hogar,103.27,25.72369,-100.16661,Hogar Reunión,UT_TRAFICO_VEHICULAR,TRAIN,90.5,1
404,1,C,Base,112.87,25.67993,-100.25752,Oficinistas,UT_DENSIDAD,TRAIN,100.0,1
406,1,C,Hogar,76.69,25.6645,-100.26545,Clásico,UT_DENSIDAD,TRAIN,85.7,1
407,1,C,Base,118.47,25.73733,-100.20671,Oficinistas,UT_GAS_URBANA,TRAIN,89.5,1
409,1,C,Hogar,95.68,25.66723,-100.22505,Hogar Reunión,UT_TRAFICO_VEHICULAR,TRAIN,95.2,1
411,1,C,Hogar,109.85,25.70931,-100.1846,Hogar Reunión,UT_TRAFICO_VEHICULAR,TRAIN,95.2,1
417,1,C,Base,95.22,25.66245,-100.23941,Hogar Reunión,UT_TRAFICO_VEHICULAR,TRAIN,95.2,1
423,1,C,Base,85.18,25.6728,-100.23769,Hogar Reunión,UT_TRAFICO_VEHICULAR,TRAIN,95.2,1
635,1,C,Base,120.27,25.6638,-100.25769,Hogar Reunión,UT_TRAFICO_VEHICULAR,TRAIN,95.2,1
425,1,C,Hogar,116.15,25.73241,-100.17578,Hogar Reunión,UT_DENSIDAD,TRAIN,100.0,1
427,1,C,Hogar,122.63,25.73371,-100.18386,Hogar Reunión,UT_DENSIDAD,TRAIN,100.0,1
431,1,C,Hogar,119.24,25.66744,-100.2239,Hogar Reunión,UT_DENSIDAD,TRAIN,95.2,1
433,1,C,Base,127.4,25.70933,-100.23586,Hogar Reunión,UT_DENSIDAD,TRAIN,95.2,1
438,1,C,Hogar,117.61,25.69605,-100.21036,Hogar Reunión,UT_DENSIDAD,TRAIN,100.0,1
374,1,C,Base,107.92,25.72258,-100.14044,Hogar Reunión,UT_CARRETERA_GAS,TRAIN,100.0,1
439,1,C,Hogar,115.55,25.71549,-100.20702,Hogar Reunión,UT_DENSIDAD,TRAIN,100.0,1
372,1,CD,Hogar,80.56,25.65999,-100.23217,Hogar Reunión,UT_TRAFICO_VEHICULAR,TRAIN,100.0,1
441,1,CD,Hogar,111.48,25.72353,-100.17124,Hogar Reunión,UT_DENSIDAD,TRAIN,85.7,1
446,1,C,Hogar,126.8,25.68774,-100.18129,Hogar Reunión,UT_DENSIDAD,TRAIN,100.0,1
612,1,C,Hogar,101.06,25.74353,-100.17685,Hogar Reunión,UT_DENSIDAD,TRAIN,95.2,1
587,1,C,Hogar,91.25,25.72789,-100.1931,Hogar Reunión,UT_DENSIDAD,TRAIN,81.0,1
346,1,C,Hogar,90.0,25.74205,-100.19846,Hogar Reunión,UT_DENSIDAD,TRAIN,90.5,1
322,1,C,Base,100.0,25.65836,-100.22371,Hogar Reunión,UT_DENSIDAD,TRAIN,95.2,1
321,1,C,Hogar,102.0,25.70853,-100.15266,Hogar Reunión,UT_DENSIDAD,TRAIN,95.2,1
591,1,C,Hogar,86.41,25.65561,-100.22113,Hogar Reunión,UT_DENSIDAD,TRAIN,100.0,1
302,1,CD,Base,130.0,25.67635,-100.26692,Hogar Reunión,UT_TRAFICO_PEATONAL,TRAIN,100.0,1
633,1,C,Hogar,103.05,25.72512,-100.18482,Hogar Reunión,UT_DENSIDAD,TRAIN,90.5,1
616,1,C,Hogar,96.93,25.70758,-100.16037,Hogar Reunión,UT_DENSIDAD,TRAIN,95.2,1
306,1,C,Base,182.0,25.67946,-100.2584,Oficinistas,UT_DENSIDAD,TRAIN,95.2,1
307,1,C,Hogar,114.0,25.66859,-100.26665,Hogar Reunión,UT_DENSIDAD,TRAIN,100.0,1
593,1,C,Hogar,111.14,25.74583,-100.16589,Hogar Reunión,UT_DENSIDAD,TRAIN,95.2,1
509,1,C,Base,115.72,25.66655,-100.21398,Hogar Reunión,UT_TRAFICO_VEHICULAR,TRAIN,95.2,1
611,1,C,Base,115.66,25.68666,-100.23036,Barrio Competido,UT_DENSIDAD,TRAIN,100.0,1
318,1,C,Hogar,107.0,25.74066,-100.16799,Hogar Reunión,UT_DENSIDAD,TRAIN,95.2,1
317,1,C,Hogar,104.0,25.66909,-100.26294,Hogar Reunión,UT_DENSIDAD,TRAIN,100.0,1
594,1,C,Hogar,98.07,25.72671,-100.17316,Hogar Reunión,UT_DENSIDAD,TRAIN,95.2,1
315,1,BC,Hogar,93.0,25.65235,-100.26606,Clásico,UT_DENSIDAD,TRAIN,100.0,1
314,1,C,Base,107.0,25.67509,-100.26958,Hogar Reunión,UT_DENSIDAD,TRAIN,100.0,1
597,1,C,Hogar,110.73,25.6714,-100.21653,Hogar Reunión,UT_DENSIDAD,TRAIN,95.2,1
598,1,C,Hogar,96.69,25.68012,-100.22238,Hogar Reunión,UT_DENSIDAD,TRAIN,95.2,1
599,1,C,Hogar,114.63,25.67213,-100.23018,Hogar Reunión,UT_DENSIDAD,TRAIN,100.0,1
585,1,C,Hogar,112.9,25.66144,-100.21849,Hogar Reunión,UT_DENSIDAD,TRAIN,76.2,1
519,1,C,Base,115.03,25.68449,-100.2262,Hogar Reunión,UT_TRAFICO_VEHICULAR,TRAIN,95.2,1
536,1,C,Hogar,114.87,25.6581,-100.22496,Hogar Reunión,UT_DENSIDAD,TRAIN,95.2,1
541,1,C,Hogar,109.97,25.70214,-100.25043,Hogar Reunión,UT_DENSIDAD,TRAIN,100.0,1
557,1,C,Hogar,84.08,25.6704,-100.21162,Hogar Reunión,UT_DENSIDAD,TRAIN,100.0,1
559,1,C,Hogar,92.18,25.72444,-100.15672,Hogar Reunión,UT_DENSIDAD,TRAIN,100.0,1
562,1,C,Hogar,104.62,25.69635,-100.20652,Hogar Reunión,UT_DENSIDAD,TRAIN,61.9,0
564,1,C,Hogar,115.51,25.68658,-100.21385,Hogar Reunión,UT_TRAFICO_VEHICULAR,TRAIN,100.0,1
571,1,C,Hogar,112.89,25.74155,-100.18463,Hogar Reunión,UT_DENSIDAD,TRAIN,100.0,1
332,1,B,Receso,136.0,25.69665,-100.14323,Oficinistas,UT_DENSIDAD,TRAIN,85.7,1
324,1,C,Hogar,97.0,25.69969,-100.21334,Hogar Reunión,UT_DENSIDAD,TRAIN,100.0,1
582,1,C,Hogar,120.33,25.69596,-100.18514,Hogar Reunión,UT_DENSIDAD,TRAIN,95.2,1
583,1,C,Hogar,113.5,25.66215,-100.22198,Hogar Reunión,UT_DENSIDAD,TRAIN,95.2,1
329,1,C,Receso,71.0,25.70334,-100.239,Oficinistas,UT_GAS_URBANA,TRAIN,95.2,1
575,1,C,Hogar,99.73,25.6737,-100.27038,Hogar Reunión,UT_DENSIDAD,TRAIN,100.0,1
326,1,B,Hogar,118.0,25.7292,-100.17807,Hogar Reunión,UT_DENSIDAD,TRAIN,90.5,1
328,1,C,Receso,116.0,25.69583,-100.23188,Oficinistas,UT_GAS_URBANA,TRAIN,90.5,1
327,1,C,Hogar,98.0,25.67151,-100.25856,Hogar Reunión,UT_DENSIDAD,TRAIN,100.0,1
853,2,C,Hogar,108.472,25.97227,-98.29033,Hogar Reunión,UT_DENSIDAD,TRAIN,75.0,0
798,2,C,Hogar,108.472,25.99222,-98.09663,Hogar Reunión,UT_TRAFICO_VEHICULAR,TRAIN,100.0,1
802,2,C,Base,107.28,25.9898,-98.1002,Hogar Reunión,UT_TRAFICO_VEHICULAR,TRAIN,87.5,1
803,2,C,Base,107.28,25.9872,-98.1074,Oficinistas,UT_TRAFICO_VEHICULAR,TRAIN,75.0,0
813,2,C,Hogar,108.472,25.992,-98.114,Hogar Reunión,UT_TRAFICO_VEHICULAR,TRAIN,100.0,1
822,2,C,Base,107.28,25.98347,-98.11129,Hogar Reunión,UT_TRAFICO_VEHICULAR,TRAIN,93.3,1
996,2,C,Hogar,107.85,25.98884,-98.27356,Hogar Reunión,UT_DENSIDAD,TRAIN,100.0,1
997,2,C,Hogar,101.82,25.99333,-98.27173,Hogar Reunión,UT_DENSIDAD,TRAIN,100.0,1
1003,2,C,Hogar,112.0,25.9956,-98.2471,Hogar Reunión,UT_DENSIDAD,TRAIN,95.2,1
1007,2,C,Hogar,114.41,25.98434,-98.20065,Hogar Reunión,UT_DENSIDAD,TRAIN,100.0,1
965,2,B,Hogar,98.0,25.98342,-98.10511,Hogar Reunión,UT_DENSIDAD,TRAIN,100.0,1
979,2,BC,Hogar,115.67,25.98337,-98.08285,Hogar Reunión,UT_GAS_URBANA,TRAIN,95.2,1
983,2,C,Hogar,117.0,25.99992,-98.25808,Hogar Reunión,UT_DENSIDAD,TRAIN,95.2,1
1037,2,C,Hogar,121.67,25.96746,-98.25733,Hogar Reunión,UT_DENSIDAD,TRAIN,95.2,1
1041,2,B,Hogar,108.472,25.98343,-98.09802,Hogar Reunión,UT_DENSIDAD,TRAIN,100.0,1
1042,2,C,Hogar,108.472,25.9756,-98.05814,Hogar Reunión,UT_TRAFICO_VEHICULAR,TRAIN,100.0,1
1044,2,C,Base,107.28,25.98861,-98.12478,Parada Técnica,UT_DENSIDAD,TRAIN,95.2,1
1045,2,C,Hogar,108.472,25.98755,-98.05539,Hogar Reunión,UT_DENSIDAD,TRAIN,100.0,1
1016,2,C,Hogar,116.9,25.96921,-98.26604,Barrio Competido,UT_DENSIDAD,TRAIN,100.0,1
1021,2,C,Hogar,108.472,25.98395,-98.19187,Hogar Reunión,UT_DENSIDAD,TRAIN,95.2,1
1024,2,B,Hogar,121.61,25.99884,-98.23915,Hogar Reunión,UT_DENSIDAD,TRAIN,95.2,1
885,2,B,Receso,110.15,25.98226,-98.09069,Oficinistas,UT_TRAFICO_PEATONAL,TRAIN,100.0,1
891,2,C,Hogar,113.17,25.97946,-98.06868,Hogar Reunión,UT_GAS_URBANA,TRAIN,95.0,1
942,2,C,Receso,130.0,25.9883,-98.11208,Parada Técnica,UT_GAS_URBANA,TRAIN,100.0,1
944,2,C,Hogar,120.0,25.99662,-98.06202,Hogar Reunión,UT_DENSIDAD,TRAIN,100.0,1
945,2,C,Hogar,130.0,25.98966,-98.08214,Hogar Reunión,UT_DENSIDAD,TRAIN,100.0,1
956,2,C,Receso,121.0,25.98349,-98.08468,Hogar Reunión,UT_DENSIDAD,TRAIN,100.0,1
958,2,CD,Receso,125.0,25.99809,-98.08917,Parada Técnica,UT_DENSIDAD,TRAIN,100.0,1
927,2,C,Receso,135.13,25.92283,-98.26913,Parada Técnica,UT_CARRETERA_GAS,TRAIN,100.0,1
929,2,C,Hogar,83.07,25.99169,-98.07486,Hogar Reunión,UT_DENSIDAD,TRAIN,100.0,1
935,2,C,Hogar,152.0,25.99116,-98.09066,Hogar Reunión,UT_DENSIDAD,TRAIN,95.0,1
19,2,C,Hogar,108.472,25.9944,-98.11901,Hogar Reunión,UT_DENSIDAD,TRAIN,38.1,0
13,2,C,Base,107.28,25.98686,-98.09433,Oficinistas,UT_TRAFICO_VEHICULAR,TRAIN,100.0,1
12,2,C,Hogar,108.472,25.99668,-98.26116,Hogar Reunión,UT_DENSIDAD,TRAIN,95.2,1
236,3,B,Hogar,130.0,25.60325,-100.25761,Hogar Reunión,UT_DENSIDAD,TRAIN,100.0,1
345,3,A,Hogar,97.5,25.64527,-100.37938,Clásico,UT_TRAFICO_VEHICULAR,TRAIN,100.0,1
204,3,AB,Base,122.4,25.65211,-100.37786,Oficinistas,UT_TRAFICO_VEHICULAR,TRAIN,100.0,1
214,3,BC,Receso,127.36,25.66708,-100.2804,Oficinistas,UT_GAS_URBANA,TRAIN,100.0,1
846,3,B,Hogar,85.22,25.65985,-100.34713,Oficinistas,UT_DENSIDAD,TRAIN,55.6,0
841,3,B,Hogar,108.472,25.58732,-100.27536,Hogar Reunión,UT_DENSIDAD,TRAIN,90.9,1
221,3,AB,Receso,168.4,25.65854,-100.35639,Oficinistas,UT_TRAFICO_VEHICULAR,TRAIN,100.0,1
222,3,AB,Receso,112.0,25.6544,-100.29456,Oficinistas,UT_DENSIDAD,TRAIN,95.2,1
827,3,B,Base,107.28,25.52392,-100.20669,Hogar Reunión,UT_TRAFICO_VEHICULAR,TRAIN,85.7,1
234,3,A,Receso,111.14,25.65389,-100.34217,Parada Técnica,UT_DENSIDAD,TRAIN,100.0,1
246,3,B,Base,100.57,25.64233,-100.27841,Clásico,UT_TRAFICO_VEHICULAR,TRAIN,85.7,1
167,3,BC,Hogar,108.472,25.64782,-100.27427,Clásico,UT_GAS_URBANA,TRAIN,100.0,1
237,3,B,Hogar,127.64,25.64791,-100.29759,Clásico,UT_DENSIDAD,TRAIN,100.0,1
804,3,B,Hogar,108.472,25.54712,-100.23021,Hogar Reunión,UT_DENSIDAD,TRAIN,89.5,1
243,3,AB,Receso,149.7,25.63751,-100.31216,Parada Técnica,UT_GAS_URBANA,TRAIN,100.0,1
242,3,BC,Receso,90.55,25.65538,-100.29421,Oficinistas,UT_GAS_URBANA,TRAIN,90.5,1
241,3,BC,Receso,97.31,25.67252,-100.35968,Oficinistas,UT_TRAFICO_VEHICULAR,TRAIN,100.0,1
178,3,AB,Base,103.6,25.66035,-100.38279,Oficinistas,UT_TRAFICO_VEHICULAR,TRAIN,100.0,1
207,3,AB,Base,93.6,25.65248,-100.36226,Oficinistas,UT_TRAFICO_VEHICULAR,TRAIN,100.0,1
169,3,AB,Base,119.3,25.65122,-100.33959,Oficinistas,UT_DENSIDAD,TRAIN,100.0,1
171,3,AB,Hogar,110.1,25.66523,-100.34199,Clásico,UT_TRAFICO_PEATONAL,TRAIN,95.0,1
173,3,AB,Hogar,99.0,25.6217,-100.29776,Hogar Reunión,UT_DENSIDAD,TRAIN,100.0,1
174,3,AB,Hogar,108.472,25.62244,-100.28191,Hogar Reunión,UT_DENSIDAD,TRAIN,100.0,1
175,3,BC,Base,136.0,25.64811,-100.32974,Parada Técnica,UT_GAS_URBANA,TRAIN,100.0,1
176,3,AB,Hogar,108.472,25.63944,-100.27006,Clásico,UT_TRAFICO_PEATONAL,TRAIN,100.0,1
177,3,BC,Base,107.28,25.64667,-100.29488,Clásico,UT_DENSIDAD,TRAIN,95.2,1
507,3,C,Hogar,107.8,25.65665,-100.26909,Hogar Reunión,UT_DENSIDAD,TRAIN,100.0,1
179,3,AB,Hogar,108.472,25.60124,-100.26406,Clásico,UT_DENSIDAD,TRAIN,100.0,1
181,3,AB,Hogar,105.65,25.6296,-100.27825,Clásico,UT_TRAFICO_VEHICULAR,TRAIN,95.0,1
184,3,AB,Hogar,108.472,25.62076,-100.28546,Clásico,UT_DENSIDAD,TRAIN,95.2,1
185,3,AB,Receso,106.96,25.66474,-100.38099,Parada Técnica,UT_TRAFICO_VEHICULAR,TRAIN,100.0,1
349,3,AB,Base,107.28,25.65609,-100.33998,Parada Técnica,UT_DENSIDAD,TRAIN,100.0,1
504,3,B,Hogar,108.472,25.62039,-100.28323,Clásico,UT_TRAFICO_VEHICULAR,TRAIN,100.0,1
196,3,BC,Receso,90.55,25.56563,-100.23929,Parada Técnica,UT_CARRETERA_GAS,TRAIN,100.0,1
284,3,C,Receso,124.6,25.53601,-100.21905,Parada Técnica,UT_CARRETERA_GAS,TRAIN,100.0,1
725,3,C,Hogar,108.472,25.66995,-100.27144,Hogar Reunión,UT_DENSIDAD,TRAIN,95.2,1
316,3,B,Base,98.0,25.65519,-100.35268,Oficinistas,UT_TRAFICO_VEHICULAR,TRAIN,100.0,1
271,3,BC,Hogar,117.2,25.63876,-100.38256,Clásico,UT_TRAFICO_VEHICULAR,TRAIN,100.0,1
311,3,C,Receso,101.0,25.59757,-100.26299,Parada Técnica,UT_CARRETERA_GAS,TRAIN,100.0,1
604,3,C,Hogar,108.472,25.62711,-100.28613,Hogar Reunión,UT_DENSIDAD,TRAIN,100.0,1
274,3,C,Receso,105.3,25.56632,-100.23881,Parada Técnica,UT_GAS_URBANA,TRAIN,85.7,1
276,3,BC,Receso,109.82,25.66113,-100.39875,Parada Técnica,UT_TRAFICO_VEHICULAR,TRAIN,100.0,1
309,3,B,Receso,77.0,25.65671,-100.36253,Parada Técnica,UT_DENSIDAD,TRAIN,100.0,1
308,3,AB,Hogar,112.5,25.64252,-100.33347,Clásico,UT_TRAFICO_VEHICULAR,TRAIN,100.0,1
584,3,C,Hogar,108.472,25.66242,-100.29553,Hogar Reunión,UT_DENSIDAD,TRAIN,100.0,1
287,3,AB,Base,105.34,25.58131,-100.25847,Clásico,UT_DENSIDAD,TRAIN,100.0,1
656,3,C,Base,107.28,25.66196,-100.31357,Parada Técnica,UT_GAS_URBANA,TRAIN,71.4,0
629,3,C,Hogar,108.472,25.6821,-100.41138,Hogar Reunión,UT_DENSIDAD,TRAIN,100.0,1
295,3,C,Receso,108.0,25.65979,-100.39622,Oficinistas,UT_TRAFICO_VEHICULAR,TRAIN,100.0,1
303,3,B,Base,88.0,25.65706,-100.38443,Oficinistas,UT_TRAFICO_VEHICULAR,TRAIN,100.0,1
638,3,C,Receso,90.55,25.66655,-100.27964,Parada Técnica,UT_TRAFICO_VEHICULAR,TRAIN,95.2,1
567,3,B,Base,107.28,25.64856,-100.3572,Parada Técnica,UT_TRAFICO_PEATONAL,TRAIN,100.0,1
553,3,B,Base,107.28,25.62432,-100.29972,Hogar Reunión,UT_TRAFICO_VEHICULAR,TRAIN,95.2,1
554,3,C,Receso,90.55,25.65033,-100.3553,Oficinistas,UT_DENSIDAD,TRAIN,100.0,1
774,3,C,Receso,90.55,25.53083,-100.21282,Hogar Reunión,UT_TRAFICO_VEHICULAR,TRAIN,95.2,1
251,3,C,Receso,110.94,25.66742,-100.28471,Parada Técnica,UT_TRAFICO_VEHICULAR,TRAIN,100.0,1
252,3,B,Receso,120.8,25.6321,-100.27243,Oficinistas,UT_TRAFICO_VEHICULAR,TRAIN,95.2,1
338,3,C,Hogar,99.0,25.61578,-100.27783,Clásico,UT_TRAFICO_VEHICULAR,TRAIN,90.5,1
337,3,C,Hogar,106.0,25.66014,-100.28657,Hogar Reunión,UT_DENSIDAD,TRAIN,100.0,1
767,3,C,Base,107.28,25.67365,-100.2749,,UT_TRAFICO_VEHICULAR,TRAIN,,0
336,3,C,Base,105.0,25.63963,-100.28821,Clásico,UT_TRAFICO_VEHICULAR,TRAIN,100.0,1
341,3,C,Base,81.0,25.66711,-100.29076,Hogar Reunión,UT_TRAFICO_VEHICULAR,TRAIN,90.5,1
258,3,CD,Hogar,101.0,25.58928,-100.25288,Hogar Reunión,UT_DENSIDAD,TRAIN,100.0,1
752,3,B,Base,169.49,25.6614,-100.40051,Barrio Competido,UT_TRAFICO_VEHICULAR,TRAIN,100.0,1
333,3,A,Hogar,124.0,25.57929,-100.2484,Clásico,UT_DENSIDAD,TRAIN,100.0,1
577,3,C,Base,107.28,25.5977,-100.25362,Hogar Reunión,UT_DENSIDAD,TRAIN,95.2,1
261,3,C,Base,112.38,25.66352,-100.40939,Hogar Reunión,UT_DENSIDAD,TRAIN,100.0,1
262,3,BC,Receso,122.83,25.65916,-100.36804,Parada Técnica,UT_TRAFICO_PEATONAL,TRAIN,100.0,1
331,3,BC,Receso,74.0,25.67091,-100.39667,Parada Técnica,UT_GAS_URBANA,TRAIN,95.2,1
452,3,C,Base,107.28,25.62589,-100.27324,Clásico,UT_GAS_URBANA,TRAIN,85.7,1
429,3,C,Base,107.28,25.66419,-100.33111,Oficinistas,UT_TRAFICO_VEHICULAR,TRAIN,100.0,1
408,3,C,Hogar,108.84,25.60873,-100.26883,Hogar Reunión,UT_DENSIDAD,TRAIN,100.0,1
132,3,BC,Hogar,107.67,25.64953,-100.384,Oficinistas,UT_DENSIDAD,TRAIN,100.0,1
413,3,C,Base,92.17,25.62891,-100.29645,Parada Técnica,UT_GAS_URBANA,TRAIN,90.5,1
435,3,C,Hogar,87.28,25.65787,-100.40572,Hogar Reunión,UT_DENSIDAD,TRAIN,100.0,1
442,3,C,Hogar,108.472,25.65022,-100.2928,Parada Técnica,UT_TRAFICO_PEATONAL,TRAIN,95.2,1
436,3,BC,Hogar,108.472,25.54982,-100.22381,Clásico,UT_TRAFICO_VEHICULAR,TRAIN,100.0,1
122,3,AB,Base,107.28,25.60406,-100.2678,Hogar Reunión,UT_DENSIDAD,TRAIN,100.0,1
121,3,BC,Hogar,81.61,25.64548,-100.29303,Clásico,UT_DENSIDAD,TRAIN,95.2,1
414,3,C,Hogar,96.49,25.57829,-100.24148,Hogar Reunión,UT_TRAFICO_VEHICULAR,TRAIN,95.2,1
443,3,A,Hogar,108.472,25.65795,-100.43849,Hogar Reunión,UT_DENSIDAD,TRAIN,100.0,1
119,3,BC,Hogar,108.472,25.65988,-100.29136,Clásico,UT_DENSIDAD,TRAIN,100.0,1
424,3,B,Hogar,110.5,25.6241,-100.29509,Hogar Reunión,UT_DENSIDAD,TRAIN,95.2,1
375,3,C,Base,82.99,25.58959,-100.24934,Hogar Reunión,UT_GAS_URBANA,TRAIN,100.0,1
118,3,C,Hogar,112.38,25.608,-100.27007,Clásico,UT_DENSIDAD,TRAIN,95.2,1
116,3,BC,Hogar,71.5,25.65226,-100.2795,Hogar Reunión,UT_DENSIDAD,TRAIN,100.0,1
113,3,AB,Hogar,105.58,25.6422,-100.27802,Clásico,UT_TRAFICO_VEHICULAR,TRAIN,95.0,1
419,3,AB,Hogar,115.76,25.65289,-100.34605,Oficinistas,UT_TRAFICO_VEHICULAR,TRAIN,95.2,1
165,3,C,Base,107.28,25.65304,-100.28399,Clásico,UT_GAS_URBANA,TRAIN,100.0,1
367,3,C,Receso,90.55,25.64841,-100.28547,Clásico,UT_TRAFICO_VEHICULAR,TRAIN,100.0,1
143,3,BC,Hogar,108.472,25.62531,-100.29113,Clásico,UT_DENSIDAD,TRAIN,95.2,1
161,3,BC,Base,75.6,25.66865,-100.40311,Oficinistas,UT_TRAFICO_VEHICULAR,TRAIN,100.0,1
159,3,BC,Hogar,108.472,25.66725,-100.27725,Hogar Reunión,UT_DENSIDAD,TRAIN,100.0,1
158,3,AB,Hogar,108.472,25.64524,-100.27484,Clásico,UT_TRAFICO_VEHICULAR,TRAIN,100.0,1
157,3,AB,Base,108.0,25.63502,-100.36374,Parada Técnica,UT_TRAFICO_VEHICULAR,TRAIN,100.0,1
162,3,CD,Base,126.0,25.6743,-100.40425,Oficinistas,UT_GAS_URBANA,TRAIN,100.0,1
154,3,BC,Base,81.97,25.67178,-100.28287,Oficinistas,UT_DENSIDAD,TRAIN,95.2,1
151,3,AB,Hogar,108.472,25.62241,-100.28827,Hogar Reunión,UT_DENSIDAD,TRAIN,95.2,1
149,3,AB,Base,107.28,25.60031,-100.26577,Hogar Reunión,UT_DENSIDAD,TRAIN,100.0,1
148,3,AB,Base,90.06,25.62791,-100.36239,Clásico,UT_DENSIDAD,TRAIN,100.0,1
391,3,BC,Base,70.85,25.65676,-100.38827,Oficinistas,UT_TRAFICO_VEHICULAR,TRAIN,90.0,1
147,3,BC,Base,107.28,25.65384,-100.28962,Oficinistas,UT_TRAFICO_PEATONAL,TRAIN,100.0,1
146,3,A,Base,84.02,25.65478,-100.38306,Oficinistas,UT_TRAFICO_VEHICULAR,TRAIN,90.0,1
472,3,B,Receso,90.55,25.65847,-100.36536,Parada Técnica,UT_TRAFICO_PEATONAL,TRAIN,95.2,1
471,3,B,Base,107.28,25.65677,-100.33659,Parada Técnica,UT_DENSIDAD,TRAIN,95.2,1
139,3,AB,Hogar,129.6,25.63525,-100.37125,Clásico,UT_DENSIDAD,TRAIN,100.0,1
138,3,AB,Receso,114.4,25.65744,-100.36574,Oficinistas,UT_TRAFICO_VEHICULAR,TRAIN,90.5,1
396,3,AB,Receso,112.95,25.56043,-100.232,Clásico,UT_TRAFICO_VEHICULAR,TRAIN,100.0,1
134,3,AB,Receso,115.2,25.66256,-100.36801,Oficinistas,UT_TRAFICO_VEHICULAR,TRAIN,100.0,1
445,3,C,Base,107.28,25.65845,-100.28419,Oficinistas,UT_TRAFICO_VEHICULAR,TRAIN,100.0,1
133,3,C,Receso,114.67,25.66034,-100.28202,Clásico,UT_TRAFICO_VEHICULAR,TRAIN,100.0,1
444,3,D,Hogar,108.472,25.5866,-100.24493,Hogar Reunión,UT_DENSIDAD,TRAIN,100.0,1
692,4,C,Hogar,108.472,25.64549,-100.15797,Hogar Reunión,UT_DENSIDAD,TRAIN,95.2,1
697,4,C,Base,107.28,25.64114,-100.15849,Hogar Reunión,UT_TRAFICO_VEHICULAR,TRAIN,95.2,1
701,4,C,Base,97.88,25.66395,-100.15029,Hogar Reunión,UT_TRAFICO_VEHICULAR,TRAIN,95.2,1
695,4,C,Hogar,108.472,25.64133,-100.06171,Hogar Reunión,UT_DENSIDAD,TRAIN,95.2,1
693,4,C,Hogar,108.472,25.68688,-100.09822,Parada Técnica,UT_DENSIDAD,TRAIN,42.9,0
52,4,C,Base,104.08,25.65314,-100.1115,Parada Técnica,UT_GAS_URBANA,TRAIN,95.2,1
709,4,C,Base,107.28,25.64914,-100.16257,Parada Técnica,UT_GAS_URBANA,TRAIN,38.1,0
56,4,D,Hogar,98.35,25.67128,-100.08602,Hogar Reunión,UT_DENSIDAD,TRAIN,57.1,0
711,4,C,Hogar,97.84,25.68007,-100.16831,Hogar Reunión,UT_DENSIDAD,TRAIN,95.2,1
712,4,B,Base,107.28,25.63907,-100.14898,Hogar Reunión,UT_TRAFICO_VEHICULAR,TRAIN,95.2,1
267,4,C,Base,118.0,25.67022,-100.18105,Hogar Reunión,UT_DENSIDAD,TRAIN,95.2,1
717,4,C,Hogar,110.99,25.637,-100.1251,Hogar Reunión,UT_DENSIDAD,TRAIN,66.7,0
727,4,C,Hogar,108.472,25.64184,-100.10777,Hogar Reunión,UT_DENSIDAD,TRAIN,100.0,1
728,4,C,Hogar,94.59,25.66763,-100.18443,Hogar Reunión,UT_DENSIDAD,TRAIN,95.2,1
264,4,C,Base,117.0,25.68144,-100.16911,Hogar Reunión,UT_DENSIDAD,TRAIN,95.2,1
763,4,C,Base,107.28,25.62994,-100.17502,Hogar Reunión,UT_GAS_URBANA,TRAIN,14.3,0
286,4,CD,Receso,106.0,25.65147,-100.10713,Parada Técnica,UT_GAS_URBANA,TRAIN,95.2,1
641,4,C,Receso,88.39,25.66455,-100.15575,Oficinistas,UT_TRAFICO_PEATONAL,TRAIN,95.2,1
643,4,C,Hogar,117.03,25.65151,-100.18677,Hogar Reunión,UT_DENSIDAD,TRAIN,95.2,1
297,4,C,Hogar,83.0,25.63888,-100.17997,Hogar Reunión,UT_DENSIDAD,TRAIN,95.2,1
645,4,C,Hogar,107.67,25.66766,-100.2033,Hogar Reunión,UT_DENSIDAD,TRAIN,95.2,1
649,4,C,Hogar,96.12,25.68285,-100.16291,Hogar Reunión,UT_DENSIDAD,TRAIN,95.2,1
294,4,CD,Hogar,100.0,25.65195,-100.08189,Oficinistas,UT_CARRETERA_GAS,TRAIN,95.2,1
293,4,CD,Base,103.0,25.64159,-100.09377,Parada Técnica,UT_CARRETERA_GAS,TRAIN,95.2,1
655,4,C,Hogar,108.472,25.64333,-100.13593,Hogar Reunión,UT_DENSIDAD,TRAIN,95.2,1
657,4,C,Base,107.28,25.62437,-100.06568,Parada Técnica,UT_TRAFICO_VEHICULAR,TRAIN,95.2,1
658,4,C,Base,107.28,25.64325,-100.09237,Parada Técnica,UT_TRAFICO_VEHICULAR,TRAIN,90.5,1
32,4,C,Hogar,83.92,25.66615,-100.13315,Hogar Reunión,UT_DENSIDAD,TRAIN,95.2,1
665,4,C,Hogar,120.91,25.66052,-100.18487,Hogar Reunión,UT_DENSIDAD,TRAIN,100.0,1
691,4,C,Hogar,119.33,25.66351,-100.17908,Hogar Reunión,UT_DENSIDAD,TRAIN,95.2,1
672,4,C,Base,107.28,25.64168,-100.08912,Parada Técnica,UT_GAS_URBANA,TRAIN,100.0,1
673,4,C,Base,111.41,25.64503,-100.17097,Hogar Reunión,UT_TRAFICO_VEHICULAR,TRAIN,76.2,1
278,4,C,Hogar,112.52,25.65557,-100.08114,Hogar Reunión,UT_CARRETERA_GAS,TRAIN,100.0,1
37,4,D,Hogar,109.93,25.61395,-100.17367,Hogar Reunión,UT_DENSIDAD,TRAIN,95.2,1
43,4,CD,Hogar,108.472,25.61009,-100.15445,Hogar Reunión,UT_DENSIDAD,TRAIN,90.5,1
44,4,CD,Hogar,93.28,25.61295,-100.15086,Hogar Reunión,UT_DENSIDAD,TRAIN,85.7,1
685,4,C,Base,107.28,25.62251,-100.11564,Parada Técnica,UT_TRAFICO_VEHICULAR,TRAIN,95.2,1
687,4,C,Hogar,135.12,25.66008,-100.20738,Hogar Reunión,UT_DENSIDAD,TRAIN,100.0,1
688,4,C,Base,114.99,25.66385,-100.16292,Hogar Reunión,UT_TRAFICO_VEHICULAR,TRAIN,66.7,0
689,4,C,Hogar,124.11,25.6576,-100.19825,Hogar Reunión,UT_DENSIDAD,TRAIN,100.0,1
45,4,CD,Hogar,95.22,25.60885,-100.15186,Hogar Reunión,UT_DENSIDAD,TRAIN,95.2,1
842,4,C,Hogar,86.38,25.66859,-100.20566,Hogar Reunión,UT_DENSIDAD,TRAIN,36.4,0
249,4,D,Base,110.0,25.64624,-100.09664,Parada Técnica,UT_GAS_URBANA,TRAIN,100.0,1
101,4,C,Hogar,108.472,25.6252,-100.11314,Hogar Reunión,UT_DENSIDAD,TRAIN,95.2,1
794,4,C,Hogar,108.38,25.62578,-100.10845,Hogar Reunión,UT_DENSIDAD,TRAIN,76.2,1
104,4,C,Hogar,108.472,25.66592,-100.09583,Hogar Reunión,UT_DENSIDAD,TRAIN,57.1,0
109,4,B,Hogar,108.472,25.6497,-100.07945,Hogar Reunión,UT_DENSIDAD,TRAIN,95.2,1
238,4,C,Hogar,125.16,25.67126,-100.15907,Hogar Reunión,UT_DENSIDAD,TRAIN,95.2,1
112,4,B,Base,107.28,25.63771,-100.14633,Hogar Reunión,UT_TRAFICO_VEHICULAR,TRAIN,95.2,1
233,4,C,Base,102.97,25.6675,-100.17705,Oficinistas,UT_GAS_URBANA,TRAIN,52.4,0
812,4,C,Hogar,106.61,25.63369,-100.08873,Hogar Reunión,UT_DENSIDAD,TRAIN,77.8,1
225,4,D,Base,118.72,25.65933,-100.1462,Hogar Reunión,UT_GAS_URBANA,TRAIN,85.7,1
825,4,C,Hogar,116.88,25.621,-100.1357,Hogar Reunión,UT_DENSIDAD,TRAIN,37.5,0
829,4,C,Hogar,115.45,25.6583,-100.0982,,UT_DENSIDAD,TRAIN,43.8,0
788,4,C,Hogar,102.92,25.62279,-100.14207,Hogar Reunión,UT_DENSIDAD,TRAIN,71.4,0
845,4,C,Hogar,106.03,25.6792,-100.179,Hogar Reunión,UT_DENSIDAD,TRAIN,63.6,0
128,4,BC,Base,95.54,25.65119,-100.19772,Hogar Reunión,UT_DENSIDAD,TRAIN,95.2,1
216,4,C,Hogar,130.4,25.62346,-100.17471,Hogar Reunión,UT_DENSIDAD,TRAIN,95.2,1
724,4,C,Hogar,108.472,25.63517,-100.18604,Hogar Reunión,UT_DENSIDAD,TRAIN,85.7,1
861,4,C,Base,107.28,25.69839,-100.11424,Hogar Reunión,UT_DENSIDAD,TRAIN,0.0,0
862,4,C,Hogar,108.472,25.64401,-100.14872,Hogar Reunión,UT_DENSIDAD,TRAIN,50.0,0
868,4,C,Hogar,108.472,25.64498,-100.10663,Barrio Competido,UT_DENSIDAD,TRAIN,0.0,0
198,4,BC,Base,118.0,25.64738,-100.09982,Hogar Reunión,UT_TRAFICO_VEHICULAR,TRAIN,85.7,1
163,4,C,Base,114.24,25.64966,-100.18897,Hogar Reunión,UT_GAS_URBANA,TRAIN,95.2,1
759,4,C,Hogar,108.472,25.61631,-100.13266,Hogar Reunión,UT_DENSIDAD,TRAIN,95.2,1
63,4,D,Hogar,108.53,25.66645,-100.10365,Hogar Reunión,UT_DENSIDAD,TRAIN,100.0,1
263,4,C,Hogar,144.12,25.67809,-100.16256,Hogar Reunión,UT_DENSIDAD,TRAIN,95.2,1
67,4,C,Receso,97.71,25.67955,-100.11205,Parada Técnica,UT_CARRETERA_GAS,TRAIN,95.2,1
741,4,C,Hogar,108.472,25.6503,-100.09787,Hogar Reunión,UT_DENSIDAD,TRAIN,95.2,1
68,4,D,Hogar,102.87,25.64911,-100.1431,Hogar Reunión,UT_GAS_URBANA,TRAIN,95.2,1
751,4,C,Hogar,108.472,25.68108,-100.07976,Hogar Reunión,UT_DENSIDAD,TRAIN,100.0,1
69,4,C,Hogar,101.82,25.61119,-100.17794,Hogar Reunión,UT_DENSIDAD,TRAIN,95.2,1
257,4,C,Hogar,106.0,25.66678,-100.16033,Hogar Reunión,UT_DENSIDAD,TRAIN,100.0,1
755,4,C,Hogar,108.472,25.6718,-100.07631,Barrio Competido,UT_DENSIDAD,TRAIN,95.2,1
756,4,C,Hogar,108.472,25.63392,-100.12148,Hogar Reunión,UT_DENSIDAD,TRAIN,95.2,1
758,4,C,Base,107.28,25.62464,-100.11749,Parada Técnica,UT_GAS_URBANA,TRAIN,95.2,1
76,4,CD,Hogar,109.21,25.6064,-100.16801,Hogar Reunión,UT_DENSIDAD,TRAIN,95.2,1
62,4,CD,Base,85.25,25.64195,-100.11259,Hogar Reunión,UT_DENSIDAD,TRAIN,95.2,1
762,4,C,Hogar,108.472,25.6793,-100.09175,Hogar Reunión,UT_DENSIDAD,TRAIN,95.2,1
256,4,C,Hogar,95.0,25.65545,-100.12373,Hogar Reunión,UT_TRAFICO_VEHICULAR,TRAIN,95.2,1
78,4,CD,Hogar,115.44,25.68897,-100.11577,Hogar Reunión,UT_DENSIDAD,TRAIN,100.0,1
85,4,C,Receso,116.98,25.64717,-100.09112,Oficinistas,UT_DENSIDAD,TRAIN,95.2,1
776,4,C,Hogar,108.472,25.61936,-100.12416,Oficinistas,UT_DENSIDAD,TRAIN,100.0,1
86,4,C,Hogar,116.12,25.68957,-100.11101,Hogar Reunión,UT_DENSIDAD,TRAIN,100.0,1
89,4,B,Hogar,115.77,25.64365,-100.08587,Hogar Reunión,UT_DENSIDAD,TRAIN,95.2,1
778,4,C,Base,107.28,25.64885,-100.08403,Barrio Competido,UT_TRAFICO_VEHICULAR,TRAIN,100.0,1
781,4,C,Hogar,89.47,25.6386,-100.1923,Hogar Reunión,UT_DENSIDAD,TRAIN,81.0,1
96,4,C,Base,92.45,25.64882,-100.11601,Hogar Reunión,UT_DENSIDAD,TRAIN,100.0,1
782,4,C,Hogar,108.472,25.6037,-100.1814,Barrio Competido,UT_DENSIDAD,TRAIN,85.7,1
787,4,C,Hogar,108.472,25.61143,-100.14326,Barrio Competido,UT_DENSIDAD,TRAIN,76.2,1
476,4,C,Base,97.14,25.65174,-100.16009,Hogar Reunión,UT_GAS_URBANA,TRAIN,95.2,1
573,4,C,Hogar,108.472,25.61552,-100.15421,Hogar Reunión,UT_DENSIDAD,TRAIN,95.2,1
491,4,B,Hogar,108.472,25.61903,-100.14562,Hogar Reunión,UT_DENSIDAD,TRAIN,95.2,1
576,4,C,Hogar,110.74,25.65319,-100.20294,Hogar Reunión,UT_DENSIDAD,TRAIN,95.2,1
489,4,B,Hogar,108.472,25.63466,-100.15852,Hogar Reunión,UT_TRAFICO_VEHICULAR,TRAIN,81.0,1
578,4,C,Hogar,108.472,25.60816,-100.16515,Hogar Reunión,UT_DENSIDAD,TRAIN,95.2,1
488,4,B,Hogar,108.472,25.61455,-100.17592,Hogar Reunión,UT_DENSIDAD,TRAIN,95.2,1
487,4,B,Hogar,108.472,25.63661,-100.17872,Hogar Reunión,UT_DENSIDAD,TRAIN,95.2,1
354,4,C,Base,101.0,25.65599,-100.18227,Oficinistas,UT_GAS_URBANA,TRAIN,100.0,1
579,4,C,Hogar,108.472,25.66445,-100.1007,Hogar Reunión,UT_DENSIDAD,TRAIN,95.2,1
478,4,C,Hogar,78.49,25.63906,-100.18691,Hogar Reunión,UT_DENSIDAD,TRAIN,95.2,1
477,4,C,Hogar,108.472,25.69536,-100.117,Hogar Reunión,UT_DENSIDAD,TRAIN,95.2,1
569,4,C,Receso,90.55,25.62041,-100.10528,Parada Técnica,UT_CARRETERA_GAS,TRAIN,95.2,1
325,4,C,Hogar,103.0,25.68066,-100.1747,Hogar Reunión,UT_DENSIDAD,TRAIN,100.0,1
586,4,C,Base,102.14,25.6606,-100.15012,Clásico,UT_TRAFICO_VEHICULAR,TRAIN,90.5,1
323,4,C,Hogar,103.0,25.65474,-100.19161,Hogar Reunión,UT_DENSIDAD,TRAIN,100.0,1
357,4,C,Hogar,99.48,25.64439,-100.18586,Hogar Reunión,UT_GAS_URBANA,TRAIN,95.2,1
469,4,C,Base,110.53,25.67482,-100.19868,Parada Técnica,UT_DENSIDAD,TRAIN,95.2,1
589,4,C,Hogar,107.21,25.63988,-100.19627,Hogar Reunión,UT_DENSIDAD,TRAIN,100.0,1
466,4,C,Hogar,77.01,25.65171,-100.19697,Hogar Reunión,UT_DENSIDAD,TRAIN,28.6,0
463,4,CD,Hogar,117.62,25.66278,-100.17165,Hogar Reunión,UT_DENSIDAD,TRAIN,95.2,1
592,4,C,Hogar,104.63,25.64027,-100.20374,Hogar Reunión,UT_DENSIDAD,TRAIN,90.5,1
454,4,C,Hogar,133.34,25.68396,-100.17319,Hogar Reunión,UT_DENSIDAD,TRAIN,95.2,1
313,4,C,Hogar,101.0,25.66092,-100.1955,Hogar Reunión,UT_DENSIDAD,TRAIN,95.2,1
342,4,C,Hogar,90.0,25.65693,-100.17219,Hogar Reunión,UT_DENSIDAD,TRAIN,95.2,1
343,4,C,Hogar,113.0,25.6585,-100.1898,Hogar Reunión,UT_DENSIDAD,TRAIN,100.0,1
542,4,B,Hogar,108.472,25.6263,-100.09652,Hogar Reunión,UT_DENSIDAD,TRAIN,95.2,1
543,4,B,Hogar,108.472,25.65013,-100.07336,Hogar Reunión,UT_DENSIDAD,TRAIN,100.0,1
544,4,B,Hogar,108.472,25.64653,-100.06443,Hogar Reunión,UT_TRAFICO_VEHICULAR,TRAIN,95.2,1
532,4,B,Hogar,108.472,25.68988,-100.10206,Barrio Competido,UT_DENSIDAD,TRAIN,81.0,1
531,4,C,Hogar,119.0,25.66834,-100.20095,Hogar Reunión,UT_DENSIDAD,TRAIN,95.2,1
546,4,B,Hogar,108.472,25.62223,-100.09129,Hogar Reunión,UT_DENSIDAD,TRAIN,90.5,1
547,4,B,Base,107.28,25.66161,-100.14385,Hogar Reunión,UT_TRAFICO_VEHICULAR,TRAIN,23.8,0
529,4,B,Hogar,108.472,25.64248,-100.1225,Hogar Reunión,UT_DENSIDAD,TRAIN,85.7,1
527,4,B,Hogar,108.472,25.64268,-100.10129,Hogar Reunión,UT_DENSIDAD,TRAIN,95.2,1
524,4,B,Hogar,108.472,25.64402,-100.05898,Hogar Reunión,UT_DENSIDAD,TRAIN,100.0,1
551,4,C,Hogar,108.472,25.66131,-100.10421,Hogar Reunión,UT_DENSIDAD,TRAIN,100.0,1
301,4,C,Hogar,120.0,25.64824,-100.1831,Hogar Reunión,UT_DENSIDAD,TRAIN,100.0,1
552,4,C,Hogar,108.472,25.62981,-100.09465,Hogar Reunión,UT_DENSIDAD,TRAIN,76.2,1
344,4,C,Hogar,113.11,25.65219,-100.20159,Hogar Reunión,UT_TRAFICO_VEHICULAR,TRAIN,95.2,1
517,4,B,Hogar,108.472,25.68302,-100.0874,Hogar Reunión,UT_DENSIDAD,TRAIN,95.2,1
515,4,B,Hogar,108.472,25.63215,-100.09914,Hogar Reunión,UT_TRAFICO_VEHICULAR,TRAIN,95.2,1
558,4,C,Hogar,108.4,25.66055,-100.15006,Hogar Reunión,UT_DENSIDAD,TRAIN,95.2,1
561,4,C,Hogar,117.26,25.66779,-100.1394,Hogar Reunión,UT_DENSIDAD,TRAIN,95.2,1
508,4,B,Hogar,108.472,25.61912,-100.12962,Hogar Reunión,UT_DENSIDAD,TRAIN,100.0,1
335,4,C,Hogar,119.72,25.68401,-100.17951,Hogar Reunión,UT_DENSIDAD,TRAIN,95.2,1
565,4,C,Hogar,108.472,25.66704,-100.10666,Hogar Reunión,UT_DENSIDAD,TRAIN,95.2,1
347,4,CD,Hogar,118.0,25.62776,-100.15437,Hogar Reunión,UT_DENSIDAD,TRAIN,85.7,1
505,4,B,Base,107.28,25.61653,-100.14059,Hogar Reunión,UT_DENSIDAD,TRAIN,95.2,1
566,4,C,Hogar,108.472,25.61549,-100.16955,Hogar Reunión,UT_DENSIDAD,TRAIN,71.4,0
499,4,B,Hogar,108.472,25.61784,-100.17803,Hogar Reunión,UT_DENSIDAD,TRAIN,95.2,1
378,4,C,Hogar,101.61,25.63521,-100.19571,Hogar Reunión,UT_DENSIDAD,TRAIN,100.0,1
613,4,C,Hogar,108.472,25.66542,-100.12747,Hogar Reunión,UT_DENSIDAD,TRAIN,95.2,1
377,4,C,Base,101.92,25.67398,-100.19056,Oficinistas,UT_GAS_URBANA,TRAIN,95.2,1
624,4,C,Hogar,108.472,25.63117,-100.10429,Hogar Reunión,UT_DENSIDAD,TRAIN,100.0,1
609,4,C,Hogar,112.76,25.6568,-100.20271,Hogar Reunión,UT_DENSIDAD,TRAIN,95.2,1
625,4,C,Hogar,108.472,25.62271,-100.12389,Barrio Competido,UT_DENSIDAD,TRAIN,95.2,1
437,4,D,Hogar,132.58,25.6505,-100.19497,Hogar Reunión,UT_DENSIDAD,TRAIN,100.0,1
607,4,C,Base,113.87,25.65072,-100.17396,Hogar Reunión,UT_TRAFICO_VEHICULAR,TRAIN,57.1,0
405,4,C,Base,114.35,25.67513,-100.19265,Oficinistas,UT_GAS_URBANA,TRAIN,85.7,1
606,4,C,Hogar,108.472,25.66378,-100.12145,Hogar Reunión,UT_DENSIDAD,TRAIN,90.5,1
614,4,C,Hogar,108.472,25.69467,-100.10876,Hogar Reunión,UT_DENSIDAD,TRAIN,95.2,1
628,4,C,Hogar,108.472,25.62308,-100.11947,Hogar Reunión,UT_DENSIDAD,TRAIN,85.0,1
602,4,C,Hogar,119.59,25.64834,-100.20994,Hogar Reunión,UT_DENSIDAD,TRAIN,100.0,1
632,4,C,Hogar,108.472,25.67265,-100.10799,Hogar Reunión,UT_DENSIDAD,TRAIN,71.4,0
601,4,C,Hogar,115.58,25.6537,-100.15693,Hogar Reunión,UT_DENSIDAD,TRAIN,95.2,1
379,4,C,Hogar,84.9,25.66388,-100.20391,Hogar Reunión,UT_TRAFICO_VEHICULAR,TRAIN,95.2,1
637,4,C,Hogar,108.472,25.66896,-100.1318,Hogar Reunión,UT_DENSIDAD,TRAIN,81.0,1
619,4,C,Hogar,108.472,25.69338,-100.11017,Hogar Reunión,UT_DENSIDAD,TRAIN,95.2,1
421,4,C,Hogar,124.98,25.65846,-100.16494,Hogar Reunión,UT_DENSIDAD,TRAIN,100.0,1
305,4,B,Base,84.0,25.6634,-100.1497,Clásico,UT_DENSIDAD,TRAIN,95.2,1
312,4,C,Hogar,128.0,25.64689,-100.17775,Hogar Reunión,UT_DENSIDAD,TRAIN,100.0,1
617,4,C,Hogar,108.472,25.65422,-100.07998,Barrio Competido,UT_DENSIDAD,TRAIN,100.0,1
397,4,C,Hogar,107.52,25.6812,-100.17201,Hogar Reunión,UT_DENSIDAD,TRAIN,81.0,1
416,4,C,Hogar,101.73,25.65194,-100.18565,Hogar Reunión,UT_DENSIDAD,TRAIN,100.0,1
381,5,C,Base,107.18,25.78953,-100.19482,Parada Técnica,UT_GAS_URBANA,TRAIN,95.2,1
513,5,C,Hogar,106.69,25.80144,-100.21888,Hogar Reunión,UT_DENSIDAD,TRAIN,95.2,1
512,5,B,Hogar,98.66,25.75565,-100.10629,Hogar Reunión,UT_DENSIDAD,TRAIN,100.0,1
382,5,C,Hogar,107.27,25.70592,-100.1009,Barrio Competido,UT_DENSIDAD,TRAIN,85.7,1
415,5,C,Hogar,99.9,25.74753,-100.15064,Hogar Reunión,UT_DENSIDAD,TRAIN,95.2,1
203,5,CD,Base,109.41,25.74875,-100.22658,Hogar Reunión,UT_TRAFICO_VEHICULAR,TRAIN,95.2,1
384,5,C,Hogar,116.15,25.70345,-100.09608,Hogar Reunión,UT_DENSIDAD,TRAIN,100.0,1
871,5,C,Hogar,108.472,25.79852,-100.22754,Hogar Reunión,UT_DENSIDAD,TRAIN,60.0,0
383,5,C,Hogar,107.4,25.70929,-100.10361,Parada Técnica,UT_DENSIDAD,TRAIN,90.5,1
872,5,C,Hogar,108.472,25.76884,-100.15083,Hogar Reunión,UT_DENSIDAD,TRAIN,50.0,0
418,5,CD,Hogar,119.18,25.75359,-100.15279,Hogar Reunión,UT_DENSIDAD,TRAIN,100.0,1
202,5,C,Base,80.28,25.82094,-100.22097,Hogar Reunión,UT_DENSIDAD,TRAIN,95.2,1
412,5,C,Hogar,115.2,25.80539,-100.21943,Hogar Reunión,UT_DENSIDAD,TRAIN,100.0,1
393,5,C,Hogar,112.3,25.82126,-100.10702,Hogar Reunión,UT_DENSIDAD,TRAIN,100.0,1
235,5,C,Base,126.41,25.78424,-100.26629,Hogar Reunión,UT_DENSIDAD,TRAIN,85.7,1
394,5,C,Hogar,111.77,25.81771,-100.1078,Hogar Reunión,UT_DENSIDAD,TRAIN,90.5,1
535,5,C,Base,114.38,25.78523,-100.19049,Parada Técnica,UT_TRAFICO_PEATONAL,TRAIN,28.6,0
534,5,C,Hogar,115.02,25.80848,-100.2275,Hogar Reunión,UT_DENSIDAD,TRAIN,100.0,1
533,5,C,Hogar,117.29,25.76443,-100.26214,Hogar Reunión,UT_DENSIDAD,TRAIN,81.0,1
398,5,C,Hogar,95.97,25.76204,-100.13888,Hogar Reunión,UT_DENSIDAD,TRAIN,90.5,1
821,5,C,Hogar,108.472,25.78159,-100.24528,Hogar Reunión,UT_DENSIDAD,TRAIN,68.8,0
399,5,D,Hogar,108.42,25.8141,-100.25587,Hogar Reunión,UT_DENSIDAD,TRAIN,95.2,1
385,5,CD,Hogar,112.95,25.71077,-100.09625,Barrio Competido,UT_DENSIDAD,TRAIN,95.2,1
388,5,C,Hogar,111.77,25.82395,-100.12135,Hogar Reunión,UT_DENSIDAD,TRAIN,95.0,1
403,5,C,Hogar,109.73,25.8132,-100.10732,Parada Técnica,UT_DENSIDAD,TRAIN,100.0,1
831,5,B,Hogar,108.472,25.80079,-100.19156,Hogar Reunión,UT_DENSIDAD,TRAIN,56.2,0
833,5,C,Hogar,108.472,25.8173,-100.234,Hogar Reunión,UT_DENSIDAD,TRAIN,35.7,0
836,5,C,Hogar,108.472,25.796,-100.2677,Hogar Reunión,UT_DENSIDAD,TRAIN,87.5,1
387,5,C,Hogar,118.08,25.75882,-100.17007,Barrio Competido,UT_TRAFICO_VEHICULAR,TRAIN,95.2,1
217,5,CD,Hogar,115.81,25.79035,-100.26302,Hogar Reunión,UT_DENSIDAD,TRAIN,100.0,1
386,5,C,Hogar,107.1,25.70686,-100.09634,Oficinistas,UT_DENSIDAD,TRAIN,95.2,1
849,5,C,Hogar,108.472,25.85841,-99.94211,Barrio Competido,UT_DENSIDAD,TRAIN,81.8,1
459,5,C,Hogar,82.92,25.73927,-100.14431,Hogar Reunión,UT_DENSIDAD,TRAIN,100.0,1
136,5,CD,Hogar,107.9,25.77565,-100.26596,Hogar Reunión,UT_DENSIDAD,TRAIN,100.0,1
468,5,C,Hogar,115.0,25.82092,-100.23078,Hogar Reunión,UT_DENSIDAD,TRAIN,100.0,1
467,5,C,Hogar,121.19,25.82195,-100.23402,Hogar Reunión,UT_DENSIDAD,TRAIN,100.0,1
371,5,C,Peatonal,95.0,25.77614,-100.18724,Oficinistas,UT_TRAFICO_PEATONAL,TRAIN,100.0,1
465,5,C,Base,121.28,25.77893,-100.25511,Hogar Reunión,UT_TRAFICO_VEHICULAR,TRAIN,95.2,1
359,5,C,Hogar,66.24,25.79337,-100.23526,Hogar Reunión,UT_DENSIDAD,TRAIN,95.2,1
462,5,C,Base,64.51,25.7795,-100.1882,Oficinistas,UT_TRAFICO_PEATONAL,TRAIN,95.2,1
461,5,C,Hogar,99.45,25.76057,-100.2168,Hogar Reunión,UT_DENSIDAD,TRAIN,100.0,1
137,5,D,Hogar,128.96,25.78499,-100.25311,Hogar Reunión,UT_GAS_URBANA,TRAIN,95.2,1
362,5,C,Base,96.0,25.81464,-100.217,Hogar Reunión,UT_GAS_URBANA,TRAIN,100.0,1
115,5,BC,Receso,160.2,25.78965,-100.14666,Parada Técnica,UT_CARRETERA_GAS,TRAIN,100.0,1
363,5,C,Hogar,115.79,25.81966,-100.25688,Hogar Reunión,UT_DENSIDAD,TRAIN,100.0,1
364,5,C,Hogar,108.21,25.74235,-100.21792,Clásico,UT_GAS_URBANA,TRAIN,100.0,1
369,5,C,Hogar,95.22,25.76323,-100.14641,Hogar Reunión,UT_DENSIDAD,TRAIN,100.0,1
368,5,C,Hogar,92.06,25.76541,-100.14872,Hogar Reunión,UT_DENSIDAD,TRAIN,100.0,1
448,5,C,Base,123.86,25.77803,-100.17311,Oficinistas,UT_TRAFICO_VEHICULAR,TRAIN,95.2,1
451,5,C,Base,121.96,25.78324,-100.0539,Hogar Reunión,UT_DENSIDAD,TRAIN,95.2,1
449,5,C,Hogar,121.98,25.74115,-100.22425,Parada Técnica,UT_DENSIDAD,TRAIN,100.0,1
482,5,C,Receso,129.1,25.78409,-100.1831,Oficinistas,UT_TRAFICO_PEATONAL,TRAIN,95.2,1
353,5,C,Hogar,97.45,25.75508,-100.1333,Hogar Reunión,UT_DENSIDAD,TRAIN,90.5,1
422,5,C,Base,147.56,25.87785,-100.25374,Parada Técnica,UT_GAS_URBANA,TRAIN,100.0,1
168,5,CD,Receso,114.1,25.85564,-100.23961,Parada Técnica,UT_CARRETERA_GAS,TRAIN,100.0,1
426,5,C,Receso,109.92,25.77853,-100.18607,Oficinistas,UT_TRAFICO_PEATONAL,TRAIN,95.2,1
166,5,CD,Hogar,95.54,25.79733,-100.24907,Hogar Reunión,UT_DENSIDAD,TRAIN,100.0,1
428,5,C,Hogar,143.24,25.79502,-100.21742,Hogar Reunión,UT_DENSIDAD,TRAIN,100.0,1
502,5,C,Base,111.44,25.78769,-100.18016,Hogar Reunión,UT_TRAFICO_VEHICULAR,TRAIN,95.2,1
481,5,C,Hogar,113.5,25.7829,-100.2648,Hogar Reunión,UT_DENSIDAD,TRAIN,95.2,1
479,5,C,Receso,117.85,25.78114,-100.18658,Oficinistas,UT_TRAFICO_PEATONAL,TRAIN,95.2,1
432,5,CD,Hogar,112.31,25.81587,-100.26231,Hogar Reunión,UT_DENSIDAD,TRAIN,100.0,1
376,5,C,Hogar,97.3,25.74147,-100.15877,Hogar Reunión,UT_GAS_URBANA,TRAIN,85.7,1
434,5,C,Hogar,105.56,25.78113,-100.25848,Hogar Reunión,UT_DENSIDAD,TRAIN,85.7,1
142,5,BC,Hogar,131.12,25.7783,-100.18404,Parada Técnica,UT_CARRETERA_GAS,TRAIN,100.0,1
373,5,CD,Hogar,108.32,25.75829,-100.13589,Hogar Reunión,UT_DENSIDAD,TRAIN,95.2,1
678,5,C,Hogar,125.71,25.80739,-100.23326,Hogar Reunión,UT_DENSIDAD,TRAIN,100.0,1
743,5,B,Hogar,110.65,25.7687,-100.21336,Hogar Reunión,UT_DENSIDAD,TRAIN,100.0,1
603,5,C,Base,129.77,25.77272,-100.01139,Parada Técnica,UT_TRAFICO_VEHICULAR,TRAIN,95.2,1
574,5,C,Hogar,107.74,25.8221,-100.25906,Hogar Reunión,UT_DENSIDAD,TRAIN,95.2,1
334,5,C,Receso,117.0,25.77734,-100.18229,Parada Técnica,UT_CARRETERA_GAS,TRAIN,100.0,1
608,5,C,Hogar,110.37,25.78701,-100.20481,Hogar Reunión,UT_DENSIDAD,TRAIN,100.0,1
568,5,C,Hogar,108.3,25.79812,-100.25672,Hogar Reunión,UT_DENSIDAD,TRAIN,95.2,1
683,5,C,Hogar,128.77,25.75383,-100.10352,Barrio Competido,UT_DENSIDAD,TRAIN,4.8,0
679,5,C,Hogar,120.39,25.75634,-100.16623,Hogar Reunión,UT_DENSIDAD,TRAIN,95.2,1
742,5,C,Base,130.38,25.79436,-100.08207,Parada Técnica,UT_TRAFICO_VEHICULAR,TRAIN,42.9,0
563,5,C,Base,116.56,25.77845,-100.02328,Parada Técnica,UT_TRAFICO_VEHICULAR,TRAIN,95.2,1
255,5,C,Hogar,120.0,25.77606,-100.25501,Hogar Reunión,UT_DENSIDAD,TRAIN,100.0,1
676,5,C,Hogar,112.43,25.77877,-100.2631,Hogar Reunión,UT_DENSIDAD,TRAIN,100.0,1
675,5,C,Base,120.27,25.78519,-100.05869,Hogar Reunión,UT_TRAFICO_VEHICULAR,TRAIN,95.2,1
339,5,BC,Peatonal,113.0,25.77858,-100.12156,Parada Técnica,UT_GAS_URBANA,TRAIN,100.0,1
771,5,C,Hogar,117.95,25.77843,-100.24895,Hogar Reunión,UT_DENSIDAD,TRAIN,90.5,1
772,5,C,Hogar,89.6,25.79316,-100.18115,,UT_DENSIDAD,TRAIN,95.2,1
773,5,C,Hogar,94.84,25.80301,-100.22922,Hogar Reunión,UT_DENSIDAD,TRAIN,100.0,1
283,5,C,Hogar,98.26,25.76396,-100.24963,Hogar Reunión,UT_DENSIDAD,TRAIN,95.2,1
669,5,C,Base,113.8,25.82412,-100.21998,Hogar Reunión,UT_TRAFICO_VEHICULAR,TRAIN,100.0,1
775,5,C,Hogar,115.38,25.76244,-100.25412,Hogar Reunión,UT_DENSIDAD,TRAIN,71.4,0
392,5,C,Receso,103.55,25.78061,-100.18968,Oficinistas,UT_TRAFICO_PEATONAL,TRAIN,100.0,1
596,5,B,Hogar,129.77,25.79536,-100.0951,Hogar Reunión,UT_DENSIDAD,TRAIN,95.2,1
703,5,C,Hogar,115.5,25.75169,-100.15797,Hogar Reunión,UT_DENSIDAD,TRAIN,100.0,1
705,5,C,Hogar,110.65,25.74365,-100.1505,Hogar Reunión,UT_DENSIDAD,TRAIN,85.7,1
269,5,C,Base,118.0,25.77694,-100.25638,Barrio Competido,UT_GAS_URBANA,TRAIN,71.4,0
707,5,C,Hogar,137.47,25.77529,-100.23816,Hogar Reunión,UT_DENSIDAD,TRAIN,90.5,1
319,5,CD,Hogar,109.81,25.83017,-100.24536,Hogar Reunión,UT_TRAFICO_VEHICULAR,TRAIN,100.0,1
714,5,C,Hogar,111.49,25.87926,-100.0327,Hogar Reunión,UT_DENSIDAD,TRAIN,90.5,1
698,5,C,Hogar,125.1,25.7564,-100.2484,Hogar Reunión,UT_DENSIDAD,TRAIN,28.6,0
239,5,C,Hogar,127.58,25.76451,-100.2572,Hogar Reunión,UT_DENSIDAD,TRAIN,100.0,1
266,5,C,Receso,156.95,25.76677,-100.20124,Parada Técnica,UT_CARRETERA_GAS,TRAIN,81.0,1
636,5,C,Hogar,118.07,25.79726,-100.05891,Parada Técnica,UT_DENSIDAD,TRAIN,95.2,1
265,5,C,Hogar,104.01,25.78422,-100.19039,Oficinistas,UT_CARRETERA_GAS,TRAIN,95.2,1
729,5,C,Base,122.28,25.78478,-100.25775,Hogar Reunión,UT_TRAFICO_VEHICULAR,TRAIN,95.2,1
732,5,C,Hogar,118.46,25.75866,-100.10849,Parada Técnica,UT_DENSIDAD,TRAIN,85.7,1
733,5,C,Base,96.29,25.79861,-100.20199,Hogar Reunión,UT_TRAFICO_VEHICULAR,TRAIN,95.2,1
696,5,C,Hogar,117.97,25.77371,-100.23999,Hogar Reunión,UT_DENSIDAD,TRAIN,100.0,1
736,5,C,Hogar,111.44,25.81079,-100.21974,Hogar Reunión,UT_DENSIDAD,TRAIN,95.2,1
738,5,C,Base,122.43,25.77445,-100.19367,Clásico,UT_TRAFICO_VEHICULAR,TRAIN,100.0,1
739,5,C,Base,110.12,25.80732,-100.24986,Hogar Reunión,UT_TRAFICO_VEHICULAR,TRAIN,28.6,0
273,5,C,Base,108.72,25.76794,-100.24138,Hogar Reunión,UT_GAS_URBANA,TRAIN,100.0,1
651,5,C,Base,115.11,25.77467,-100.20012,Hogar Reunión,UT_TRAFICO_VEHICULAR,TRAIN,100.0,1
795,5,C,Receso,108.54,25.72208,-100.11152,Parada Técnica,UT_GAS_URBANA,TRAIN,90.5,1
666,5,C,Hogar,115.21,25.7564,-100.23588,Hogar Reunión,UT_DENSIDAD,TRAIN,95.2,1
244,5,CD,Hogar,128.0,25.80301,-100.22456,Hogar Reunión,UT_TRAFICO_VEHICULAR,TRAIN,95.2,1
647,5,C,Hogar,121.89,25.7865,-100.26285,Hogar Reunión,UT_DENSIDAD,TRAIN,100.0,1
661,5,C,Hogar,114.88,25.71494,-100.10718,Hogar Reunión,UT_DENSIDAD,TRAIN,95.2,1
631,5,C,Hogar,121.89,25.7878,-100.26697,Hogar Reunión,UT_DENSIDAD,TRAIN,95.2,1
796,5,C,Base,128.56,25.80135,-100.157,Parada Técnica,UT_GAS_URBANA,TRAIN,90.5,1
664,5,C,Hogar,114.11,25.76367,-100.24509,Hogar Reunión,UT_DENSIDAD,TRAIN,95.2,1
797,5,C,Receso,101.34,25.71515,-100.10426,Parada Técnica,UT_GAS_URBANA,TRAIN,19.0,0
799,5,C,Hogar,120.22,25.77842,-100.20311,Hogar Reunión,UT_GAS_URBANA,TRAIN,100.0,1
646,5,C,Hogar,97.46,25.8184,-100.09625,Hogar Reunión,UT_DENSIDAD,TRAIN,66.7,0
304,5,C,Base,108.0,25.78333,-100.22558,Hogar Reunión,UT_CARRETERA_GAS,TRAIN,95.2,1
777,5,C,Hogar,94.33,25.76835,-100.25045,Hogar Reunión,UT_DENSIDAD,TRAIN,95.2,1
634,5,C,Hogar,120.05,25.79764,-100.26361,Hogar Reunión,UT_DENSIDAD,TRAIN,100.0,1
549,5,B,Hogar,120.77,25.7083,-100.08768,Barrio Competido,UT_DENSIDAD,TRAIN,95.2,1
662,6,C,Receso,90.55,25.45501,-100.15735,Hogar Reunión,UT_TRAFICO_VEHICULAR,TRAIN,100.0,1
623,6,C,Hogar,108.472,25.58972,-99.98302,Hogar Reunión,UT_DENSIDAD,TRAIN,95.2,1
659,6,C,Base,107.28,25.191,-99.82865,Oficinistas,UT_TRAFICO_VEHICULAR,TRAIN,95.2,1
626,6,C,Hogar,108.472,25.58631,-100.00492,Hogar Reunión,UT_DENSIDAD,TRAIN,95.2,1
88,6,C,Receso,89.67,25.3844,-100.11426,Hogar Reunión,UT_CARRETERA_GAS,TRAIN,100.0,1
87,6,C,Receso,121.22,24.87257,-99.57919,Parada Técnica,UT_GAS_URBANA,TRAIN,100.0,1
622,6,C,Base,107.28,25.58502,-99.99391,Hogar Reunión,UT_TRAFICO_VEHICULAR,TRAIN,95.2,1
21,6,CD,Hogar,99.0,25.18824,-99.80819,Barrio Competido,UT_DENSIDAD,TRAIN,100.0,1
621,6,C,Base,107.28,25.58565,-100.03457,Hogar Reunión,UT_DENSIDAD,TRAIN,95.2,1
84,6,C,Hogar,96.9,25.40713,-100.13747,Hogar Reunión,UT_DENSIDAD,TRAIN,100.0,1
83,6,C,Hogar,106.7,25.5778,-100.01034,Hogar Reunión,UT_DENSIDAD,TRAIN,100.0,1
82,6,CD,Base,112.21,24.85338,-99.55459,Hogar Reunión,UT_TRAFICO_VEHICULAR,TRAIN,100.0,1
81,6,D,Hogar,114.06,25.56297,-99.97865,Hogar Reunión,UT_GAS_URBANA,TRAIN,95.2,1
22,6,C,Hogar,78.0,25.57557,-99.98963,Hogar Reunión,UT_TRAFICO_VEHICULAR,TRAIN,95.2,1
99,6,C,Hogar,108.472,24.8691,-99.55367,Hogar Reunión,UT_GAS_URBANA,TRAIN,100.0,1
107,6,C,Hogar,108.472,24.88132,-99.55085,Hogar Reunión,UT_DENSIDAD,TRAIN,100.0,1
719,6,C,Hogar,108.472,25.58241,-100.02211,Hogar Reunión,UT_DENSIDAD,TRAIN,100.0,1
106,6,C,Hogar,108.472,25.20434,-99.84566,Hogar Reunión,UT_DENSIDAD,TRAIN,100.0,1
105,6,C,Hogar,108.472,25.18256,-99.81497,Hogar Reunión,UT_DENSIDAD,TRAIN,100.0,1
103,6,C,Hogar,108.472,25.30148,-100.03258,Hogar Reunión,UT_DENSIDAD,TRAIN,95.2,1
102,6,CD,Hogar,108.472,25.20612,-99.83051,Hogar Reunión,UT_DENSIDAD,TRAIN,100.0,1
699,6,C,Hogar,108.472,25.57064,-100.02873,Hogar Reunión,UT_DENSIDAD,TRAIN,95.2,1
654,6,C,Base,107.28,25.18499,-99.8407,Oficinistas,UT_TRAFICO_VEHICULAR,TRAIN,100.0,1
98,6,C,Receso,128.13,24.8886,-99.67181,Parada Técnica,UT_CARRETERA_GAS,TRAIN,100.0,1
97,6,C,Hogar,113.55,25.19287,-99.82562,Oficinistas,UT_DENSIDAD,TRAIN,95.2,1
648,6,C,Base,107.28,25.28052,-100.01043,Parada Técnica,UT_TRAFICO_VEHICULAR,TRAIN,90.5,1
95,6,C,Hogar,107.87,24.86121,-99.5874,Hogar Reunión,UT_DENSIDAD,TRAIN,100.0,1
94,6,C,Hogar,124.93,25.2663,-100.00712,Hogar Reunión,UT_TRAFICO_VEHICULAR,TRAIN,100.0,1
93,6,C,Receso,92.17,25.61114,-100.04841,Parada Técnica,UT_CARRETERA_GAS,TRAIN,90.5,1
92,6,B,Receso,121.2,25.28406,-100.01023,Parada Técnica,UT_DENSIDAD,TRAIN,100.0,1
627,6,C,Hogar,108.472,25.37624,-100.11082,Hogar Reunión,UT_DENSIDAD,TRAIN,95.2,1
91,6,C,Hogar,126.7,24.86346,-99.52436,Hogar Reunión,UT_DENSIDAD,TRAIN,100.0,1
282,6,BC,Receso,114.0,24.85018,-99.5719,Parada Técnica,UT_CARRETERA_GAS,TRAIN,100.0,1
58,6,C,Receso,83.65,25.1883,-99.83526,Oficinistas,UT_TRAFICO_PEATONAL,TRAIN,81.0,1
57,6,C,Receso,122.02,25.24865,-99.97038,Parada Técnica,UT_CARRETERA_GAS,TRAIN,95.2,1
31,6,C,Hogar,112.0,25.29708,-100.02935,Hogar Reunión,UT_DENSIDAD,TRAIN,90.5,1
55,6,C,Base,115.53,25.47078,-100.17538,Parada Técnica,UT_CARRETERA_GAS,TRAIN,100.0,1
54,6,CD,Base,121.5,25.18022,-99.83248,Hogar Reunión,UT_TRAFICO_VEHICULAR,TRAIN,90.0,1
53,6,C,Receso,103.21,25.15216,-99.84832,Parada Técnica,UT_CARRETERA_GAS,TRAIN,85.0,1
33,6,C,Base,123.53,25.25546,-99.68657,Hogar Reunión,UT_TRAFICO_PEATONAL,TRAIN,90.5,1
34,6,C,Base,116.0,25.28155,-100.0205,Clásico,UT_DENSIDAD,TRAIN,100.0,1
35,6,C,Receso,96.0,24.8626,-99.57939,Parada Técnica,UT_CARRETERA_GAS,TRAIN,85.7,1
51,6,D,Base,110.27,24.85599,-99.53781,Hogar Reunión,UT_GAS_URBANA,TRAIN,90.5,1
59,6,CD,Base,142.67,25.25199,-99.70225,Hogar Reunión,UT_TRAFICO_VEHICULAR,TRAIN,95.2,1
36,6,C,Hogar,109.93,25.1755,-99.83795,Hogar Reunión,UT_DENSIDAD,TRAIN,100.0,1
49,6,C,Receso,109.0,25.39686,-100.13477,Hogar Reunión,UT_TRAFICO_VEHICULAR,TRAIN,100.0,1
618,6,C,Base,107.28,25.56061,-100.00581,Parada Técnica,UT_TRAFICO_VEHICULAR,TRAIN,95.2,1
48,6,C,Hogar,99.74,25.19349,-99.83942,Parada Técnica,UT_GAS_URBANA,TRAIN,95.2,1
47,6,C,Hogar,79.57,24.86497,-99.561,Hogar Reunión,UT_TRAFICO_PEATONAL,TRAIN,95.2,1
46,6,C,Hogar,106.51,25.58484,-99.98952,Hogar Reunión,UT_GAS_URBANA,TRAIN,95.2,1
615,6,C,Base,107.28,25.19016,-99.83539,Hogar Reunión,UT_TRAFICO_VEHICULAR,TRAIN,95.2,1
38,6,C,Receso,105.05,25.6076,-99.64965,Parada Técnica,UT_CARRETERA_GAS,TRAIN,95.2,1
42,6,D,Hogar,92.84,25.57826,-100.02549,Hogar Reunión,UT_DENSIDAD,TRAIN,85.7,1
41,6,C,Base,83.13,25.45995,-99.99653,Parada Técnica,UT_CARRETERA_GAS,TRAIN,95.2,1
39,6,C,Receso,91.34,25.71129,-99.25392,Parada Técnica,UT_CARRETERA_GAS,TRAIN,85.7,1
71,6,C,Base,100.28,25.58097,-100.00314,Parada Técnica,UT_TRAFICO_VEHICULAR,TRAIN,95.2,1
23,6,C,Receso,95.0,24.88103,-99.58133,Oficinistas,UT_TRAFICO_PEATONAL,TRAIN,95.2,1
77,6,C,Hogar,108.36,25.22275,-99.93358,Hogar Reunión,UT_TRAFICO_VEHICULAR,TRAIN,95.2,1
605,6,C,Base,107.28,25.28028,-99.97056,Parada Técnica,UT_TRAFICO_VEHICULAR,TRAIN,95.2,1
75,6,C,Receso,104.8,24.86431,-99.57059,Oficinistas,UT_TRAFICO_PEATONAL,TRAIN,100.0,1
24,6,BC,Receso,93.0,25.18881,-99.82257,Clásico,UT_TRAFICO_VEHICULAR,TRAIN,90.5,1
25,6,C,Base,95.0,25.18958,-99.85066,Parada Técnica,UT_TRAFICO_VEHICULAR,TRAIN,85.7,1
74,6,C,Base,102.85,25.58452,-100.00093,Hogar Reunión,UT_TRAFICO_VEHICULAR,TRAIN,85.7,1
73,6,C,Base,104.45,25.59638,-100.02602,Hogar Reunión,UT_TRAFICO_VEHICULAR,TRAIN,95.2,1
72,6,CD,Receso,103.84,25.60005,-99.99983,Parada Técnica,UT_CARRETERA_GAS,TRAIN,100.0,1
79,6,CD,Base,106.62,24.8547,-99.56993,Hogar Reunión,UT_TRAFICO_VEHICULAR,TRAIN,100.0,1
686,6,C,Hogar,108.472,25.54298,-99.84019,Hogar Reunión,UT_DENSIDAD,TRAIN,95.2,1
26,6,C,Base,89.0,24.86496,-99.56645,Parada Técnica,UT_TRAFICO_VEHICULAR,TRAIN,95.2,1
27,6,C,Base,101.0,25.18924,-99.8317,Hogar Reunión,UT_TRAFICO_VEHICULAR,TRAIN,85.7,1
66,6,C,Hogar,78.81,25.18693,-99.82255,Hogar Reunión,UT_TRAFICO_VEHICULAR,TRAIN,100.0,1
65,6,C,Hogar,103.01,24.8592,-99.55032,Hogar Reunión,UT_TRAFICO_VEHICULAR,TRAIN,100.0,1
64,6,C,Receso,105.75,25.58841,-100.00187,Oficinistas,UT_TRAFICO_VEHICULAR,TRAIN,85.7,1
277,6,C,Receso,105.66,25.27453,-100.01677,Parada Técnica,UT_CARRETERA_GAS,TRAIN,95.2,1
28,6,CD,Hogar,108.0,25.57477,-99.97964,Hogar Reunión,UT_DENSIDAD,TRAIN,95.2,1
61,6,CD,Base,106.78,25.79335,-99.17981,Hogar Reunión,UT_TRAFICO_VEHICULAR,TRAIN,100.0,1
29,6,C,Receso,95.0,25.19407,-99.83954,Oficinistas,UT_DENSIDAD,TRAIN,75.0,0
852,6,C,Hogar,108.472,25.60786,-100.05789,Hogar Reunión,UT_DENSIDAD,TRAIN,25.0,0
837,6,C,Peatonal,56.2,25.59165,-100.00124,Oficinistas,UT_TRAFICO_PEATONAL,TRAIN,63.6,0
838,6,C,Base,107.28,24.86658,-99.57686,Parada Técnica,UT_CARRETERA_GAS,TRAIN,81.8,1
218,6,BC,Hogar,128.5,25.43097,-100.15274,Hogar Reunión,UT_TRAFICO_VEHICULAR,TRAIN,100.0,1
523,6,C,Base,107.28,25.70674,-99.23637,Parada Técnica,UT_TRAFICO_VEHICULAR,TRAIN,95.2,1
522,6,B,Receso,90.55,25.81395,-99.16855,Parada Técnica,UT_TRAFICO_VEHICULAR,TRAIN,100.0,1
843,6,C,Base,107.28,25.29304,-100.01274,Parada Técnica,UT_CARRETERA_GAS,TRAIN,50.0,0
844,6,C,Hogar,108.472,25.6201,-100.0489,Hogar Reunión,UT_DENSIDAD,TRAIN,72.7,0
521,6,B,Receso,90.55,25.81326,-99.16838,Parada Técnica,UT_TRAFICO_VEHICULAR,TRAIN,100.0,1
779,6,C,Base,107.28,25.7022,-99.22837,Barrio Competido,UT_TRAFICO_VEHICULAR,TRAIN,95.2,1
215,6,CD,Receso,109.4,24.86443,-99.57326,Oficinistas,UT_TRAFICO_VEHICULAR,TRAIN,100.0,1
555,6,B,Hogar,108.472,24.87242,-99.56097,Hogar Reunión,UT_DENSIDAD,TRAIN,100.0,1
518,6,B,Hogar,108.472,24.85695,-99.53004,Hogar Reunión,UT_DENSIDAD,TRAIN,100.0,1
219,6,BC,Hogar,119.2,25.4797,-100.17906,Parada Técnica,UT_CARRETERA_GAS,TRAIN,81.8,1
213,6,BC,Receso,105.66,25.41392,-100.14064,Parada Técnica,UT_TRAFICO_VEHICULAR,TRAIN,95.2,1
209,6,CD,Receso,108.65,25.26578,-100.00734,Hogar Reunión,UT_CARRETERA_GAS,TRAIN,100.0,1
208,6,BC,Base,55.0,25.49461,-100.18759,Hogar Reunión,UT_TRAFICO_VEHICULAR,TRAIN,95.2,1
516,6,B,Hogar,108.472,25.5751,-100.01917,Hogar Reunión,UT_DENSIDAD,TRAIN,23.8,0
556,6,C,Hogar,108.472,24.8612,-99.56176,Clásico,UT_TRAFICO_VEHICULAR,TRAIN,100.0,1
206,6,BC,Receso,107.0,25.45105,-100.16215,Hogar Reunión,UT_TRAFICO_PEATONAL,TRAIN,95.2,1
859,6,C,Hogar,108.472,25.61021,-100.06526,Hogar Reunión,UT_DENSIDAD,TRAIN,0.0,0
514,6,B,Hogar,108.472,25.59599,-100.077,Hogar Reunión,UT_DENSIDAD,TRAIN,95.2,1
863,6,C,Hogar,108.472,25.18193,-99.85133,Clásico,UT_DENSIDAD,TRAIN,71.4,0
205,6,BC,Receso,108.87,25.42426,-100.15199,Oficinistas,UT_CARRETERA_GAS,TRAIN,95.2,1
867,6,C,Base,107.28,24.86623,-99.5714,Clásico,UT_TRAFICO_VEHICULAR,TRAIN,0.0,0
511,6,B,Hogar,108.472,24.84738,-99.553,Hogar Reunión,UT_DENSIDAD,TRAIN,95.2,1
539,6,B,Base,107.28,25.69036,-99.2423,Parada Técnica,UT_CARRETERA_GAS,TRAIN,100.0,1
538,6,B,Hogar,108.472,25.60006,-99.98635,Hogar Reunión,UT_DENSIDAD,TRAIN,95.2,1
537,6,B,Base,107.28,25.19829,-99.82656,Hogar Reunión,UT_TRAFICO_VEHICULAR,TRAIN,95.2,1
801,6,C,Base,107.28,25.58436,-100.02436,Barrio Competido,UT_DENSIDAD,TRAIN,87.5,1
232,6,C,Receso,125.0,25.60058,-99.97002,Parada Técnica,UT_CARRETERA_GAS,TRAIN,100.0,1
793,6,C,Base,109.4,25.1903,-99.8164,Clásico,UT_TRAFICO_VEHICULAR,TRAIN,71.4,0
814,6,C,Receso,90.55,25.1249,-99.81162,Parada Técnica,UT_CARRETERA_GAS,TRAIN,100.0,1
815,6,C,Receso,114.34,25.56212,-100.0206,Parada Técnica,UT_GAS_URBANA,TRAIN,47.1,0
229,6,CD,Receso,124.8,25.27826,-100.01964,Oficinistas,UT_TRAFICO_PEATONAL,TRAIN,95.2,1
228,6,C,Base,108.0,25.37839,-100.11195,Parada Técnica,UT_CARRETERA_GAS,TRAIN,100.0,1
818,6,C,Receso,90.55,25.56875,-99.9824,,UT_CARRETERA_GAS,TRAIN,0.0,0
227,6,C,Receso,98.4,24.85589,-99.56377,Hogar Reunión,UT_TRAFICO_VEHICULAR,TRAIN,100.0,1
869,6,C,Hogar,108.472,25.16495,-99.84036,Hogar Reunión,UT_DENSIDAD,TRAIN,,0
226,6,CD,Receso,135.72,24.85948,-99.56629,Oficinistas,UT_TRAFICO_PEATONAL,TRAIN,100.0,1
791,6,C,Hogar,117.45,25.182,-99.8244,Hogar Reunión,UT_DENSIDAD,TRAIN,85.0,1
224,6,CD,Receso,102.0,25.1895,-99.83821,Parada Técnica,UT_GAS_URBANA,TRAIN,95.2,1
545,6,B,Base,107.28,25.59278,-100.00266,Oficinistas,UT_TRAFICO_VEHICULAR,TRAIN,95.2,1
826,6,C,Base,107.28,25.58719,-100.0281,Hogar Reunión,UT_TRAFICO_VEHICULAR,TRAIN,81.2,1
548,6,B,Base,107.28,25.7961,-99.1784,Parada Técnica,UT_GAS_URBANA,TRAIN,95.2,1
528,6,C,Hogar,108.472,25.60567,-100.07793,Hogar Reunión,UT_DENSIDAD,TRAIN,95.2,1
786,6,C,Hogar,108.472,25.2829,-100.0032,,UT_DENSIDAD,TRAIN,87.5,1
526,6,B,Base,107.28,25.59127,-100.00781,Clásico,UT_TRAFICO_VEHICULAR,TRAIN,95.2,1
785,6,C,Peatonal,90.55,25.26151,-99.67147,Parada Técnica,UT_GAS_URBANA,TRAIN,100.0,1
525,6,B,Base,107.28,25.59205,-100.00413,Oficinistas,UT_TRAFICO_VEHICULAR,TRAIN,52.4,0
784,6,C,Hogar,108.472,25.2894,-100.03434,Hogar Reunión,UT_GAS_URBANA,TRAIN,66.7,0
721,6,C,Hogar,108.472,25.36299,-99.98668,Parada Técnica,UT_DENSIDAD,TRAIN,100.0,1
744,6,C,Receso,90.55,25.60719,-100.04114,Parada Técnica,UT_CARRETERA_GAS,TRAIN,85.7,1
486,6,C,Receso,90.55,25.59693,-100.02597,Parada Técnica,UT_TRAFICO_VEHICULAR,TRAIN,0.0,0
485,6,C,Base,107.28,25.29167,-100.02398,Hogar Reunión,UT_TRAFICO_VEHICULAR,TRAIN,100.0,1
155,6,CD,Receso,89.0,25.59048,-100.00025,Parada Técnica,UT_DENSIDAD,TRAIN,100.0,1
737,6,C,Base,107.28,25.57386,-100.00367,Oficinistas,UT_TRAFICO_VEHICULAR,TRAIN,76.2,1
153,6,BC,Receso,106.5,25.18819,-99.82875,Barrio Competido,UT_TRAFICO_PEATONAL,TRAIN,95.2,1
734,6,C,Receso,90.55,25.5415,-100.00833,Parada Técnica,UT_CARRETERA_GAS,TRAIN,95.2,1
581,6,C,Base,107.28,25.58871,-99.99602,Hogar Reunión,UT_TRAFICO_VEHICULAR,TRAIN,85.7,1
144,6,BC,Receso,121.21,24.88035,-99.58588,Parada Técnica,UT_CARRETERA_GAS,TRAIN,100.0,1
588,6,C,Base,107.28,25.58313,-99.98599,Hogar Reunión,UT_TRAFICO_VEHICULAR,TRAIN,100.0,1
723,6,C,Hogar,108.472,25.37834,-100.11439,Hogar Reunión,UT_DENSIDAD,TRAIN,95.2,1
745,6,C,Base,107.28,25.69224,-99.62149,Oficinistas,UT_GAS_URBANA,TRAIN,95.2,1
718,6,C,Hogar,108.472,25.5967,-99.98241,Hogar Reunión,UT_DENSIDAD,TRAIN,95.2,1
715,6,C,Hogar,108.472,25.60082,-99.9882,Parada Técnica,UT_TRAFICO_VEHICULAR,TRAIN,95.2,1
124,6,BC,Base,122.17,25.46137,-100.17089,Parada Técnica,UT_TRAFICO_VEHICULAR,TRAIN,95.2,1
123,6,BC,Hogar,126.17,25.50882,-100.19437,Hogar Reunión,UT_CARRETERA_GAS,TRAIN,100.0,1
713,6,C,Base,107.28,24.85807,-99.57523,Hogar Reunión,UT_TRAFICO_VEHICULAR,TRAIN,100.0,1
595,6,C,Base,107.28,25.28658,-100.03171,Parada Técnica,UT_TRAFICO_VEHICULAR,TRAIN,100.0,1
708,6,C,Base,107.28,25.3947,-100.12973,Hogar Reunión,UT_TRAFICO_VEHICULAR,TRAIN,100.0,1
114,6,BC,Base,118.6,25.27831,-100.02243,Parada Técnica,UT_TRAFICO_VEHICULAR,TRAIN,100.0,1
111,6,B,Base,107.28,25.58972,-99.99443,Hogar Reunión,UT_TRAFICO_VEHICULAR,TRAIN,95.2,1
186,6,BC,Base,104.0,25.40545,-100.13366,Hogar Reunión,UT_TRAFICO_VEHICULAR,TRAIN,100.0,1
768,6,C,Base,107.28,25.35691,-100.09469,,UT_TRAFICO_VEHICULAR,TRAIN,81.8,1
874,6,C,Base,107.28,25.40397,-99.98722,Parada Técnica,UT_TRAFICO_VEHICULAR,TRAIN,33.3,0
201,6,BC,Receso,126.6,25.18989,-99.82471,Oficinistas,UT_TRAFICO_PEATONAL,TRAIN,95.2,1
764,6,C,Base,107.28,25.28191,-100.02697,Clásico,UT_TRAFICO_VEHICULAR,TRAIN,100.0,1
197,6,B,Base,117.0,25.27938,-100.02285,Parada Técnica,UT_TRAFICO_VEHICULAR,TRAIN,95.2,1
761,6,B,Receso,90.55,25.487,-100.1833,,UT_CARRETERA_GAS,TRAIN,85.7,1
195,6,BC,Hogar,101.0,25.57531,-100.00992,Hogar Reunión,UT_TRAFICO_PEATONAL,TRAIN,95.2,1
194,6,BC,Base,70.22,25.42277,-100.14712,Hogar Reunión,UT_CARRETERA_GAS,TRAIN,90.5,1
192,6,CD,Base,93.17,25.59289,-100.01045,Clásico,UT_DENSIDAD,TRAIN,100.0,1
189,6,CD,Base,86.11,25.5929,-99.99295,Clásico,UT_TRAFICO_VEHICULAR,TRAIN,100.0,1
187,6,BC,Base,98.7,25.59232,-100.0127,Hogar Reunión,UT_DENSIDAD,TRAIN,100.0,1
108,6,C,Base,107.28,25.28456,-100.01976,Parada Técnica,UT_TRAFICO_VEHICULAR,TRAIN,95.2,1
501,6,B,Hogar,108.472,25.17002,-99.84103,Hogar Reunión,UT_DENSIDAD,TRAIN,95.2,1
183,6,CD,Receso,164.0,25.18675,-99.83461,Parada Técnica,UT_TRAFICO_VEHICULAR,TRAIN,95.2,1
757,6,C,Receso,90.55,25.46719,-100.17342,Parada Técnica,UT_TRAFICO_VEHICULAR,TRAIN,95.2,1
498,6,B,Base,107.28,25.2806,-100.01745,Oficinistas,UT_TRAFICO_VEHICULAR,TRAIN,95.2,1
497,6,B,Hogar,108.472,25.20866,-99.84815,Parada Técnica,UT_DENSIDAD,TRAIN,95.2,1
496,6,B,Base,107.28,24.84507,-99.55926,Hogar Reunión,UT_TRAFICO_VEHICULAR,TRAIN,100.0,1
572,6,C,Hogar,108.472,25.5733,-100.02196,Hogar Reunión,UT_DENSIDAD,TRAIN,95.2,1
492,6,B,Base,107.28,25.27251,-100.00065,Hogar Reunión,UT_TRAFICO_VEHICULAR,TRAIN,95.2,1
172,6,CD,Receso,122.7,25.19135,-99.81539,Parada Técnica,UT_CARRETERA_GAS,TRAIN,90.0,1
748,6,C,Receso,90.55,25.27433,-100.01648,Parada Técnica,UT_CARRETERA_GAS,TRAIN,95.2,1
747,6,C,Receso,108.472,25.599,-99.68105,Parada Técnica,UT_CARRETERA_GAS,TRAIN,81.0,1
