TIENDA_ID,PLAZA_CVE,NIVELSOCIOECONOMICO_DES,ENTORNO_DES,MTS2VENTAS_NUM,LATITUD_NUM,LONGITUD_NUM,SEGMENTO_MAESTRO_DESC,LID_UBICACION_TIENDA,DATASET
126,1,BC,Hogar,127.42,25.69107,-100.21261,Hogar Reunión,UT_DENSIDAD,TRAIN
681,1,C,Hogar,128.13,25.73571,-100.18086,Hogar Reunión,UT_DENSIDAD,TRAIN
117,1,C,Base,87.62,25.71883,-100.19133,Hogar Reunión,UT_DENSIDAD,TRAIN
682,1,C,Hogar,90.7,25.66952,-100.20744,Hogar Reunión,UT_DENSIDAD,TRAIN
275,1,C,Hogar,95.3,25.73766,-100.16116,Hogar Reunión,UT_DENSIDAD,TRAIN
684,1,C,Base,116.07,25.70486,-100.15613,Oficinistas,UT_GAS_URBANA,TRAIN
694,1,C,Receso,78.48,25.67955,-100.24328,Oficinistas,UT_TRAFICO_PEATONAL,TRAIN
272,1,C,Hogar,100.58,25.70058,-100.2018,Hogar Reunión,UT_DENSIDAD,TRAIN
702,1,C,Hogar,73.24,25.67344,-100.26084,Hogar Reunión,UT_DENSIDAD,TRAIN
704,1,C,Base,107.23,25.68419,-100.22138,Hogar Reunión,UT_TRAFICO_VEHICULAR,TRAIN
125,1,BC,Hogar,141.9,25.69017,-100.25164,Clásico,UT_TRAFICO_VEHICULAR,TRAIN
279,1,C,Hogar,104.2,25.67484,-100.24412,Hogar Reunión,UT_DENSIDAD,TRAIN
127,1,BC,Hogar,132,25.66474,-100.20913,Hogar Reunión,UT_GAS_URBANA,TRAIN
706,1,C,Hogar,120.87,25.73785,-100.20217,Hogar Reunión,UT_DENSIDAD,TRAIN
129,1,BC,Base,83.99,25.6808,-100.24372,Hogar Reunión,UT_TRAFICO_VEHICULAR,TRAIN
268,1,C,Base,121.2,25.69481,-100.23052,Clásico,UT_GAS_URBANA,TRAIN
131,1,BC,Hogar,99.65,25.64911,-100.26649,Clásico,UT_DENSIDAD,TRAIN
716,1,C,Hogar,121.21,25.7105,-100.21547,Hogar Reunión,UT_DENSIDAD,TRAIN
722,1,C,Base,118.3,25.69569,-100.24609,Oficinistas,UT_TRAFICO_VEHICULAR,TRAIN
726,1,C,Hogar,113.96,25.72278,-100.15421,Hogar Reunión,UT_DENSIDAD,TRAIN
135,1,BC,Hogar,124.5,25.69272,-100.25433,Clásico,UT_DENSIDAD,TRAIN
663,1,C,Base,115.76,25.71882,-100.16863,Hogar Reunión,UT_TRAFICO_VEHICULAR,TRAIN
639,1,C,Hogar,113.85,25.71143,-100.15224,Hogar Reunión,UT_DENSIDAD,TRAIN
642,1,C,Receso,88.39,25.70438,-100.22197,Oficinistas,UT_TRAFICO_PEATONAL,TRAIN
299,1,C,Hogar,94,25.68426,-100.21374,Hogar Reunión,UT_TRAFICO_VEHICULAR,TRAIN
298,1,C,Peatonal,103.3,25.67933,-100.24593,Oficinistas,UT_TRAFICO_PEATONAL,TRAIN
644,1,C,Base,105.69,25.7036,-100.15854,Hogar Reunión,UT_TRAFICO_PEATONAL,TRAIN
296,1,C,Hogar,86,25.66105,-100.25257,Clásico,UT_GAS_URBANA,TRAIN
652,1,C,Base,113.23,25.65635,-100.26234,Clásico,UT_TRAFICO_VEHICULAR,TRAIN
653,1,C,Hogar,112.09,25.69885,-100.12075,Clásico,UT_DENSIDAD,TRAIN
292,1,C,Hogar,114,25.72188,-100.20232,Hogar Reunión,UT_GAS_URBANA,TRAIN
291,1,C,Hogar,108.91,25.68419,-100.24388,Hogar Reunión,UT_DENSIDAD,TRAIN
731,1,C,Base,117.97,25.67493,-100.20706,Hogar Reunión,UT_GAS_URBANA,TRAIN
289,1,C,Hogar,114.04,25.70314,-100.23122,Hogar Reunión,UT_GAS_URBANA,TRAIN
288,1,D,Base,104,25.67442,-100.20493,Hogar Reunión,UT_TRAFICO_VEHICULAR,TRAIN
667,1,C,Hogar,122.19,25.73719,-100.15527,Hogar Reunión,UT_DENSIDAD,TRAIN
668,1,C,Hogar,93.08,25.72812,-100.18563,Hogar Reunión,UT_DENSIDAD,TRAIN
285,1,A,Hogar,130.46,25.64192,-100.26826,Clásico,UT_DENSIDAD,TRAIN
671,1,C,Base,114.21,25.67863,-100.26725,Hogar Reunión,UT_TRAFICO_VEHICULAR,TRAIN
674,1,C,Hogar,114.34,25.69528,-100.20643,Hogar Reunión,UT_DENSIDAD,TRAIN
281,1,BC,Hogar,121.54,25.69659,-100.25507,Hogar Reunión,UT_DENSIDAD,TRAIN
677,1,C,Hogar,110.81,25.68325,-100.23067,Parada Técnica,UT_DENSIDAD,TRAIN
834,1,C,Hogar,101.33,25.70647,-100.22508,Hogar Reunión,UT_DENSIDAD,TRAIN
792,1,C,Peatonal,87.25,25.67762,-100.25978,Oficinistas,UT_TRAFICO_PEATONAL,TRAIN
164,1,CD,Base,18.72,25.73369,-100.19908,Hogar Reunión,UT_GAS_URBANA,TRAIN
231,1,CD,Hogar,116.5,25.70295,-100.25852,Hogar Reunión,UT_GAS_URBANA,TRAIN
823,1,C,Hogar,108.66,25.66404,-100.23363,Hogar Reunión,UT_DENSIDAD,TRAIN
824,1,C,Hogar,97.92,25.7371,-100.16613,Hogar Reunión,UT_DENSIDAD,TRAIN
182,1,BC,Hogar,111.9,25.68312,-100.2139,Hogar Reunión,UT_DENSIDAD,TRAIN
223,1,BC,Hogar,128.96,25.66976,-100.23605,Hogar Reunión,UT_GAS_URBANA,TRAIN
832,1,C,Hogar,66.04,25.66925,-100.237,Hogar Reunión,UT_DENSIDAD,TRAIN
245,1,D,Hogar,116,25.73065,-100.18657,Hogar Reunión,UT_DENSIDAD,TRAIN
188,1,BC,Receso,95.3,25.68763,-100.24615,Parada Técnica,UT_GAS_URBANA,TRAIN
191,1,CD,Receso,131.5,25.69273,-100.24576,Clásico,UT_GAS_URBANA,TRAIN
847,1,C,Hogar,100.4,25.71567,-100.1601,Hogar Reunión,UT_GAS_URBANA,TRAIN
193,1,CD,Hogar,95.54,25.73871,-100.18913,Hogar Reunión,UT_DENSIDAD,TRAIN
212,1,CD,Base,134.24,25.69344,-100.1831,Parada Técnica,UT_CARRETERA_GAS,TRAIN
211,1,C,Hogar,127.62,25.74447,-100.17476,Hogar Reunión,UT_DENSIDAD,TRAIN
199,1,CD,Base,113,25.72332,-100.19058,Hogar Reunión,UT_TRAFICO_VEHICULAR,TRAIN
873,1,C,Receso,58.12,25.69741,-100.13975,Parada Técnica,UT_TRAFICO_VEHICULAR,TRAIN
254,1,C,Hogar,113,25.66872,-100.2344,Hogar Reunión,UT_GAS_URBANA,TRAIN
735,1,C,Hogar,83.57,25.71611,-100.18296,Hogar Reunión,UT_DENSIDAD,TRAIN
746,1,C,Hogar,104.1,25.6867,-100.19352,Hogar Reunión,UT_DENSIDAD,TRAIN
141,1,BC,Hogar,98.5,25.68098,-100.23912,Hogar Reunión,UT_DENSIDAD,TRAIN
259,1,C,Base,99.08,25.67765,-100.2596,Oficinistas,UT_TRAFICO_PEATONAL,TRAIN
753,1,C,Hogar,103.64,25.72788,-100.18008,Hogar Reunión,UT_DENSIDAD,TRAIN
754,1,C,Hogar,119.75,25.71732,-100.19217,Hogar Reunión,UT_DENSIDAD,TRAIN
145,1,BC,Hogar,112.5,25.66404,-100.21449,Hogar Reunión,UT_DENSIDAD,TRAIN
765,1,C,Hogar,94.42,25.69325,-100.23738,Oficinistas,UT_DENSIDAD,TRAIN
766,1,C,Base,118.52,25.72372,-100.14054,Hogar Reunión,UT_TRAFICO_VEHICULAR,TRAIN
395,1,C,Hogar,79.55,25.67661,-100.24879,Hogar Reunión,UT_DENSIDAD,TRAIN
253,1,C,Hogar,117,25.72968,-100.17269,Hogar Reunión,UT_DENSIDAD,TRAIN
769,1,C,Base,108.8,25.69461,-100.17078,Oficinistas,UT_TRAFICO_VEHICULAR,TRAIN
152,1,BC,Hogar,102.1,25.66861,-100.24023,Hogar Reunión,UT_DENSIDAD,TRAIN
783,1,C,Hogar,114.47,25.6989,-100.1506,Hogar Reunión,UT_DENSIDAD,TRAIN
789,1,C,Hogar,100.7,25.71404,-100.17443,Hogar Reunión,UT_DENSIDAD,TRAIN
248,1,CD,Base,100.28,25.70751,-100.19946,Oficinistas,UT_GAS_URBANA,TRAIN
156,1,BC,Hogar,115,25.67567,-100.22221,Hogar Reunión,UT_DENSIDAD,TRAIN
247,1,D,Hogar,104.6,25.69494,-100.21911,Hogar Reunión,UT_DENSIDAD,TRAIN
474,1,C,Hogar,115.79,25.71698,-100.13154,Hogar Reunión,UT_DENSIDAD,TRAIN
453,1,C,Base,107.02,25.74442,-100.16092,Hogar Reunión,UT_GAS_URBANA,TRAIN
455,1,C,Hogar,119.51,25.73055,-100.18982,Hogar Reunión,UT_DENSIDAD,TRAIN
366,1,C,Hogar,100,25.66606,-100.26935,Hogar Reunión,UT_GAS_URBANA,TRAIN
365,1,C,Base,97.54,25.6751,-100.21091,Oficinistas,UT_TRAFICO_PEATONAL,TRAIN
456,1,C,Hogar,127.9,25.74066,-100.1661,Hogar Reunión,UT_DENSIDAD,TRAIN
457,1,C,Hogar,81.3,25.73088,-100.15723,Hogar Reunión,UT_DENSIDAD,TRAIN
458,1,C,Hogar,101.46,25.70524,-100.20732,Hogar Reunión,UT_DENSIDAD,TRAIN
361,1,C,Hogar,93,25.71936,-100.16773,Hogar Reunión,UT_DENSIDAD,TRAIN
464,1,C,Hogar,138.92,25.70318,-100.24274,Hogar Reunión,UT_DENSIDAD,TRAIN
358,1,C,Base,93,25.70128,-100.16365,Hogar Reunión,UT_GAS_URBANA,TRAIN
447,1,C,Hogar,83.9,25.73034,-100.16336,Hogar Reunión,UT_TRAFICO_VEHICULAR,TRAIN
356,1,C,Hogar,77,25.66098,-100.26814,Hogar Reunión,UT_TRAFICO_VEHICULAR,TRAIN
355,1,C,Hogar,90,25.66743,-100.25439,Hogar Reunión,UT_TRAFICO_VEHICULAR,TRAIN
484,1,C,Hogar,115.75,25.71093,-100.13501,Hogar Reunión,UT_DENSIDAD,TRAIN
493,1,C,Base,119.41,25.68103,-100.25271,Hogar Reunión,UT_TRAFICO_VEHICULAR,TRAIN
352,1,C,Base,105,25.74532,-100.17814,Parada Técnica,UT_GAS_URBANA,TRAIN
351,1,C,Base,93,25.67929,-100.26519,Oficinistas,UT_GAS_URBANA,TRAIN
495,1,C,Base,115.7,25.66923,-100.23264,Hogar Reunión,UT_TRAFICO_VEHICULAR,TRAIN
503,1,C,Hogar,81.59,25.67292,-100.25155,Hogar Reunión,UT_DENSIDAD,TRAIN
348,1,C,Hogar,100,25.69414,-100.1901,Hogar Reunión,UT_DENSIDAD,TRAIN
506,1,C,Hogar,105.66,25.70051,-100.18745,Hogar Reunión,UT_DENSIDAD,TRAIN
401,1,C,Hogar,92.52,25.71205,-100.16304,Hogar Reunión,UT_TRAFICO_VEHICULAR,TRAIN
389,1,BC,Base,98.08,25.74648,-100.19411,Hogar Reunión,UT_GAS_URBANA,TRAIN
402,1,C,Hogar,103.27,25.72369,-100.16661,Hogar Reunión,UT_TRAFICO_VEHICULAR,TRAIN
404,1,C,Base,112.87,25.67993,-100.25752,Oficinistas,UT_DENSIDAD,TRAIN
406,1,C,Hogar,76.69,25.6645,-100.26545,Clásico,UT_DENSIDAD,TRAIN
407,1,C,Base,118.47,25.73733,-100.20671,Oficinistas,UT_GAS_URBANA,TRAIN
409,1,C,Hogar,95.68,25.66723,-100.22505,Hogar Reunión,UT_TRAFICO_VEHICULAR,TRAIN
411,1,C,Hogar,109.85,25.70931,-100.1846,Hogar Reunión,UT_TRAFICO_VEHICULAR,TRAIN
417,1,C,Base,95.22,25.66245,-100.23941,Hogar Reunión,UT_TRAFICO_VEHICULAR,TRAIN
423,1,C,Base,85.18,25.6728,-100.23769,Hogar Reunión,UT_TRAFICO_VEHICULAR,TRAIN
635,1,C,Base,120.27,25.6638,-100.25769,Hogar Reunión,UT_TRAFICO_VEHICULAR,TRAIN
425,1,C,Hogar,116.15,25.73241,-100.17578,Hogar Reunión,UT_DENSIDAD,TRAIN
427,1,C,Hogar,122.63,25.73371,-100.18386,Hogar Reunión,UT_DENSIDAD,TRAIN
431,1,C,Hogar,119.24,25.66744,-100.2239,Hogar Reunión,UT_DENSIDAD,TRAIN
433,1,C,Base,127.4,25.70933,-100.23586,Hogar Reunión,UT_DENSIDAD,TRAIN
438,1,C,Hogar,117.61,25.69605,-100.21036,Hogar Reunión,UT_DENSIDAD,TRAIN
374,1,C,Base,107.92,25.72258,-100.14044,Hogar Reunión,UT_CARRETERA_GAS,TRAIN
439,1,C,Hogar,115.55,25.71549,-100.20702,Hogar Reunión,UT_DENSIDAD,TRAIN
372,1,CD,Hogar,80.56,25.65999,-100.23217,Hogar Reunión,UT_TRAFICO_VEHICULAR,TRAIN
441,1,CD,Hogar,111.48,25.72353,-100.17124,Hogar Reunión,UT_DENSIDAD,TRAIN
446,1,C,Hogar,126.8,25.68774,-100.18129,Hogar Reunión,UT_DENSIDAD,TRAIN
612,1,C,Hogar,101.06,25.74353,-100.17685,Hogar Reunión,UT_DENSIDAD,TRAIN
587,1,C,Hogar,91.25,25.72789,-100.1931,Hogar Reunión,UT_DENSIDAD,TRAIN
346,1,C,Hogar,90,25.74205,-100.19846,Hogar Reunión,UT_DENSIDAD,TRAIN
322,1,C,Base,100,25.65836,-100.22371,Hogar Reunión,UT_DENSIDAD,TRAIN
321,1,C,Hogar,102,25.70853,-100.15266,Hogar Reunión,UT_DENSIDAD,TRAIN
591,1,C,Hogar,86.41,25.65561,-100.22113,Hogar Reunión,UT_DENSIDAD,TRAIN
302,1,CD,Base,130,25.67635,-100.26692,Hogar Reunión,UT_TRAFICO_PEATONAL,TRAIN
633,1,C,Hogar,103.05,25.72512,-100.18482,Hogar Reunión,UT_DENSIDAD,TRAIN
616,1,C,Hogar,96.93,25.70758,-100.16037,Hogar Reunión,UT_DENSIDAD,TRAIN
306,1,C,Base,182,25.67946,-100.2584,Oficinistas,UT_DENSIDAD,TRAIN
307,1,C,Hogar,114,25.66859,-100.26665,Hogar Reunión,UT_DENSIDAD,TRAIN
593,1,C,Hogar,111.14,25.74583,-100.16589,Hogar Reunión,UT_DENSIDAD,TRAIN
509,1,C,Base,115.72,25.66655,-100.21398,Hogar Reunión,UT_TRAFICO_VEHICULAR,TRAIN
611,1,C,Base,115.66,25.68666,-100.23036,Barrio Competido,UT_DENSIDAD,TRAIN
318,1,C,Hogar,107,25.74066,-100.16799,Hogar Reunión,UT_DENSIDAD,TRAIN
317,1,C,Hogar,104,25.66909,-100.26294,Hogar Reunión,UT_DENSIDAD,TRAIN
594,1,C,Hogar,98.07,25.72671,-100.17316,Hogar Reunión,UT_DENSIDAD,TRAIN
315,1,BC,Hogar,93,25.65235,-100.26606,Clásico,UT_DENSIDAD,TRAIN
314,1,C,Base,107,25.67509,-100.26958,Hogar Reunión,UT_DENSIDAD,TRAIN
597,1,C,Hogar,110.73,25.6714,-100.21653,Hogar Reunión,UT_DENSIDAD,TRAIN
598,1,C,Hogar,96.69,25.68012,-100.22238,Hogar Reunión,UT_DENSIDAD,TRAIN
599,1,C,Hogar,114.63,25.67213,-100.23018,Hogar Reunión,UT_DENSIDAD,TRAIN
585,1,C,Hogar,112.9,25.66144,-100.21849,Hogar Reunión,UT_DENSIDAD,TRAIN
519,1,C,Base,115.03,25.68449,-100.2262,Hogar Reunión,UT_TRAFICO_VEHICULAR,TRAIN
536,1,C,Hogar,114.87,25.6581,-100.22496,Hogar Reunión,UT_DENSIDAD,TRAIN
541,1,C,Hogar,109.97,25.70214,-100.25043,Hogar Reunión,UT_DENSIDAD,TRAIN
557,1,C,Hogar,84.08,25.6704,-100.21162,Hogar Reunión,UT_DENSIDAD,TRAIN
559,1,C,Hogar,92.18,25.72444,-100.15672,Hogar Reunión,UT_DENSIDAD,TRAIN
562,1,C,Hogar,104.62,25.69635,-100.20652,Hogar Reunión,UT_DENSIDAD,TRAIN
564,1,C,Hogar,115.51,25.68658,-100.21385,Hogar Reunión,UT_TRAFICO_VEHICULAR,TRAIN
571,1,C,Hogar,112.89,25.74155,-100.18463,Hogar Reunión,UT_DENSIDAD,TRAIN
332,1,B,Receso,136,25.69665,-100.14323,Oficinistas,UT_DENSIDAD,TRAIN
324,1,C,Hogar,97,25.69969,-100.21334,Hogar Reunión,UT_DENSIDAD,TRAIN
582,1,C,Hogar,120.33,25.69596,-100.18514,Hogar Reunión,UT_DENSIDAD,TRAIN
583,1,C,Hogar,113.5,25.66215,-100.22198,Hogar Reunión,UT_DENSIDAD,TRAIN
329,1,C,Receso,71,25.70334,-100.239,Oficinistas,UT_GAS_URBANA,TRAIN
575,1,C,Hogar,99.73,25.6737,-100.27038,Hogar Reunión,UT_DENSIDAD,TRAIN
326,1,B,Hogar,118,25.7292,-100.17807,Hogar Reunión,UT_DENSIDAD,TRAIN
328,1,C,Receso,116,25.69583,-100.23188,Oficinistas,UT_GAS_URBANA,TRAIN
327,1,C,Hogar,98,25.67151,-100.25856,Hogar Reunión,UT_DENSIDAD,TRAIN
996,2,C,Hogar,107.85,25.98884,-98.27356,Hogar Reunión,UT_DENSIDAD,TRAIN
997,2,C,Hogar,101.82,25.99333,-98.27173,Hogar Reunión,UT_DENSIDAD,TRAIN
1003,2,C,Hogar,112,25.9956,-98.2471,Hogar Reunión,UT_DENSIDAD,TRAIN
1007,2,C,Hogar,114.41,25.98434,-98.20065,Hogar Reunión,UT_DENSIDAD,TRAIN
965,2,B,Hogar,98,25.98342,-98.10511,Hogar Reunión,UT_DENSIDAD,TRAIN
979,2,BC,Hogar,115.67,25.98337,-98.08285,Hogar Reunión,UT_GAS_URBANA,TRAIN
983,2,C,Hogar,117,25.99992,-98.25808,Hogar Reunión,UT_DENSIDAD,TRAIN
1037,2,C,Hogar,121.67,25.96746,-98.25733,Hogar Reunión,UT_DENSIDAD,TRAIN
1016,2,C,Hogar,116.9,25.96921,-98.26604,Barrio Competido,UT_DENSIDAD,TRAIN
1024,2,B,Hogar,121.61,25.99884,-98.23915,Hogar Reunión,UT_DENSIDAD,TRAIN
885,2,B,Receso,110.15,25.98226,-98.09069,Oficinistas,UT_TRAFICO_PEATONAL,TRAIN
891,2,C,Hogar,113.17,25.97946,-98.06868,Hogar Reunión,UT_GAS_URBANA,TRAIN
942,2,C,Receso,130,25.9883,-98.11208,Parada Técnica,UT_GAS_URBANA,TRAIN
944,2,C,Hogar,120,25.99662,-98.06202,Hogar Reunión,UT_DENSIDAD,TRAIN
945,2,C,Hogar,130,25.98966,-98.08214,Hogar Reunión,UT_DENSIDAD,TRAIN
956,2,C,Receso,121,25.98349,-98.08468,Hogar Reunión,UT_DENSIDAD,TRAIN
958,2,CD,Receso,125,25.99809,-98.08917,Parada Técnica,UT_DENSIDAD,TRAIN
927,2,C,Receso,135.13,25.92283,-98.26913,Parada Técnica,UT_CARRETERA_GAS,TRAIN
929,2,C,Hogar,83.07,25.99169,-98.07486,Hogar Reunión,UT_DENSIDAD,TRAIN
935,2,C,Hogar,152,25.99116,-98.09066,Hogar Reunión,UT_DENSIDAD,TRAIN
236,3,B,Hogar,130,25.60325,-100.25761,Hogar Reunión,UT_DENSIDAD,TRAIN
345,3,A,Hogar,97.5,25.64527,-100.37938,Clásico,UT_TRAFICO_VEHICULAR,TRAIN
204,3,AB,Base,122.4,25.65211,-100.37786,Oficinistas,UT_TRAFICO_VEHICULAR,TRAIN
214,3,BC,Receso,127.36,25.66708,-100.2804,Oficinistas,UT_GAS_URBANA,TRAIN
846,3,B,Hogar,85.22,25.65985,-100.34713,Oficinistas,UT_DENSIDAD,TRAIN
221,3,AB,Receso,168.4,25.65854,-100.35639,Oficinistas,UT_TRAFICO_VEHICULAR,TRAIN
222,3,AB,Receso,112,25.6544,-100.29456,Oficinistas,UT_DENSIDAD,TRAIN
234,3,A,Receso,111.14,25.65389,-100.34217,Parada Técnica,UT_DENSIDAD,TRAIN
246,3,B,Base,100.57,25.64233,-100.27841,Clásico,UT_TRAFICO_VEHICULAR,TRAIN
237,3,B,Hogar,127.64,25.64791,-100.29759,Clásico,UT_DENSIDAD,TRAIN
243,3,AB,Receso,149.7,25.63751,-100.31216,Parada Técnica,UT_GAS_URBANA,TRAIN
241,3,BC,Receso,97.31,25.67252,-100.35968,Oficinistas,UT_TRAFICO_VEHICULAR,TRAIN
178,3,AB,Base,103.6,25.66035,-100.38279,Oficinistas,UT_TRAFICO_VEHICULAR,TRAIN
207,3,AB,Base,93.6,25.65248,-100.36226,Oficinistas,UT_TRAFICO_VEHICULAR,TRAIN
169,3,AB,Base,119.3,25.65122,-100.33959,Oficinistas,UT_DENSIDAD,TRAIN
171,3,AB,Hogar,110.1,25.66523,-100.34199,Clásico,UT_TRAFICO_PEATONAL,TRAIN
173,3,AB,Hogar,99,25.6217,-100.29776,Hogar Reunión,UT_DENSIDAD,TRAIN
175,3,BC,Base,136,25.64811,-100.32974,Parada Técnica,UT_GAS_URBANA,TRAIN
507,3,C,Hogar,107.8,25.65665,-100.26909,Hogar Reunión,UT_DENSIDAD,TRAIN
181,3,AB,Hogar,105.65,25.6296,-100.27825,Clásico,UT_TRAFICO_VEHICULAR,TRAIN
185,3,AB,Receso,106.96,25.66474,-100.38099,Parada Técnica,UT_TRAFICO_VEHICULAR,TRAIN
284,3,C,Receso,124.6,25.53601,-100.21905,Parada Técnica,UT_CARRETERA_GAS,TRAIN
316,3,B,Base,98,25.65519,-100.35268,Oficinistas,UT_TRAFICO_VEHICULAR,TRAIN
271,3,BC,Hogar,117.2,25.63876,-100.38256,Clásico,UT_TRAFICO_VEHICULAR,TRAIN
311,3,C,Receso,101,25.59757,-100.26299,Parada Técnica,UT_CARRETERA_GAS,TRAIN
274,3,C,Receso,105.3,25.56632,-100.23881,Parada Técnica,UT_GAS_URBANA,TRAIN
276,3,BC,Receso,109.82,25.66113,-100.39875,Parada Técnica,UT_TRAFICO_VEHICULAR,TRAIN
309,3,B,Receso,77,25.65671,-100.36253,Parada Técnica,UT_DENSIDAD,TRAIN
308,3,AB,Hogar,112.5,25.64252,-100.33347,Clásico,UT_TRAFICO_VEHICULAR,TRAIN
287,3,AB,Base,105.34,25.58131,-100.25847,Clásico,UT_DENSIDAD,TRAIN
295,3,C,Receso,108,25.65979,-100.39622,Oficinistas,UT_TRAFICO_VEHICULAR,TRAIN
303,3,B,Base,88,25.65706,-100.38443,Oficinistas,UT_TRAFICO_VEHICULAR,TRAIN
251,3,C,Receso,110.94,25.66742,-100.28471,Parada Técnica,UT_TRAFICO_VEHICULAR,TRAIN
252,3,B,Receso,120.8,25.6321,-100.27243,Oficinistas,UT_TRAFICO_VEHICULAR,TRAIN
338,3,C,Hogar,99,25.61578,-100.27783,Clásico,UT_TRAFICO_VEHICULAR,TRAIN
337,3,C,Hogar,106,25.66014,-100.28657,Hogar Reunión,UT_DENSIDAD,TRAIN
336,3,C,Base,105,25.63963,-100.28821,Clásico,UT_TRAFICO_VEHICULAR,TRAIN
341,3,C,Base,81,25.66711,-100.29076,Hogar Reunión,UT_TRAFICO_VEHICULAR,TRAIN
258,3,CD,Hogar,101,25.58928,-100.25288,Hogar Reunión,UT_DENSIDAD,TRAIN
752,3,B,Base,169.49,25.6614,-100.40051,Barrio Competido,UT_TRAFICO_VEHICULAR,TRAIN
333,3,A,Hogar,124,25.57929,-100.2484,Clásico,UT_DENSIDAD,TRAIN
261,3,C,Base,112.38,25.66352,-100.40939,Hogar Reunión,UT_DENSIDAD,TRAIN
262,3,BC,Receso,122.83,25.65916,-100.36804,Parada Técnica,UT_TRAFICO_PEATONAL,TRAIN
331,3,BC,Receso,74,25.67091,-100.39667,Parada Técnica,UT_GAS_URBANA,TRAIN
408,3,C,Hogar,108.84,25.60873,-100.26883,Hogar Reunión,UT_DENSIDAD,TRAIN
132,3,BC,Hogar,107.67,25.64953,-100.384,Oficinistas,UT_DENSIDAD,TRAIN
413,3,C,Base,92.17,25.62891,-100.29645,Parada Técnica,UT_GAS_URBANA,TRAIN
435,3,C,Hogar,87.28,25.65787,-100.40572,Hogar Reunión,UT_DENSIDAD,TRAIN
121,3,BC,Hogar,81.61,25.64548,-100.29303,Clásico,UT_DENSIDAD,TRAIN
414,3,C,Hogar,96.49,25.57829,-100.24148,Hogar Reunión,UT_TRAFICO_VEHICULAR,TRAIN
424,3,B,Hogar,110.5,25.6241,-100.29509,Hogar Reunión,UT_DENSIDAD,TRAIN
375,3,C,Base,82.99,25.58959,-100.24934,Hogar Reunión,UT_GAS_URBANA,TRAIN
118,3,C,Hogar,112.38,25.608,-100.27007,Clásico,UT_DENSIDAD,TRAIN
116,3,BC,Hogar,71.5,25.65226,-100.2795,Hogar Reunión,UT_DENSIDAD,TRAIN
113,3,AB,Hogar,105.58,25.6422,-100.27802,Clásico,UT_TRAFICO_VEHICULAR,TRAIN
419,3,AB,Hogar,115.76,25.65289,-100.34605,Oficinistas,UT_TRAFICO_VEHICULAR,TRAIN
161,3,BC,Base,75.6,25.66865,-100.40311,Oficinistas,UT_TRAFICO_VEHICULAR,TRAIN
157,3,AB,Base,108,25.63502,-100.36374,Parada Técnica,UT_TRAFICO_VEHICULAR,TRAIN
162,3,CD,Base,126,25.6743,-100.40425,Oficinistas,UT_GAS_URBANA,TRAIN
154,3,BC,Base,81.97,25.67178,-100.28287,Oficinistas,UT_DENSIDAD,TRAIN
148,3,AB,Base,90.06,25.62791,-100.36239,Clásico,UT_DENSIDAD,TRAIN
391,3,BC,Base,70.85,25.65676,-100.38827,Oficinistas,UT_TRAFICO_VEHICULAR,TRAIN
146,3,A,Base,84.02,25.65478,-100.38306,Oficinistas,UT_TRAFICO_VEHICULAR,TRAIN
139,3,AB,Hogar,129.6,25.63525,-100.37125,Clásico,UT_DENSIDAD,TRAIN
138,3,AB,Receso,114.4,25.65744,-100.36574,Oficinistas,UT_TRAFICO_VEHICULAR,TRAIN
396,3,AB,Receso,112.95,25.56043,-100.232,Clásico,UT_TRAFICO_VEHICULAR,TRAIN
134,3,AB,Receso,115.2,25.66256,-100.36801,Oficinistas,UT_TRAFICO_VEHICULAR,TRAIN
133,3,C,Receso,114.67,25.66034,-100.28202,Clásico,UT_TRAFICO_VEHICULAR,TRAIN
701,4,C,Base,97.88,25.66395,-100.15029,Hogar Reunión,UT_TRAFICO_VEHICULAR,TRAIN
52,4,C,Base,104.08,25.65314,-100.1115,Parada Técnica,UT_GAS_URBANA,TRAIN
56,4,D,Hogar,98.35,25.67128,-100.08602,Hogar Reunión,UT_DENSIDAD,TRAIN
711,4,C,Hogar,97.84,25.68007,-100.16831,Hogar Reunión,UT_DENSIDAD,TRAIN
267,4,C,Base,118,25.67022,-100.18105,Hogar Reunión,UT_DENSIDAD,TRAIN
717,4,C,Hogar,110.99,25.637,-100.1251,Hogar Reunión,UT_DENSIDAD,TRAIN
728,4,C,Hogar,94.59,25.66763,-100.18443,Hogar Reunión,UT_DENSIDAD,TRAIN
264,4,C,Base,117,25.68144,-100.16911,Hogar Reunión,UT_DENSIDAD,TRAIN
286,4,CD,Receso,106,25.65147,-100.10713,Parada Técnica,UT_GAS_URBANA,TRAIN
641,4,C,Receso,88.39,25.66455,-100.15575,Oficinistas,UT_TRAFICO_PEATONAL,TRAIN
643,4,C,Hogar,117.03,25.65151,-100.18677,Hogar Reunión,UT_DENSIDAD,TRAIN
297,4,C,Hogar,83,25.63888,-100.17997,Hogar Reunión,UT_DENSIDAD,TRAIN
645,4,C,Hogar,107.67,25.66766,-100.2033,Hogar Reunión,UT_DENSIDAD,TRAIN
649,4,C,Hogar,96.12,25.68285,-100.16291,Hogar Reunión,UT_DENSIDAD,TRAIN
294,4,CD,Hogar,100,25.65195,-100.08189,Oficinistas,UT_CARRETERA_GAS,TRAIN
293,4,CD,Base,103,25.64159,-100.09377,Parada Técnica,UT_CARRETERA_GAS,TRAIN
32,4,C,Hogar,83.92,25.66615,-100.13315,Hogar Reunión,UT_DENSIDAD,TRAIN
665,4,C,Hogar,120.91,25.66052,-100.18487,Hogar Reunión,UT_DENSIDAD,TRAIN
691,4,C,Hogar,119.33,25.66351,-100.17908,Hogar Reunión,UT_DENSIDAD,TRAIN
673,4,C,Base,111.41,25.64503,-100.17097,Hogar Reunión,UT_TRAFICO_VEHICULAR,TRAIN
278,4,C,Hogar,112.52,25.65557,-100.08114,Hogar Reunión,UT_CARRETERA_GAS,TRAIN
37,4,D,Hogar,109.93,25.61395,-100.17367,Hogar Reunión,UT_DENSIDAD,TRAIN
44,4,CD,Hogar,93.28,25.61295,-100.15086,Hogar Reunión,UT_DENSIDAD,TRAIN
687,4,C,Hogar,135.12,25.66008,-100.20738,Hogar Reunión,UT_DENSIDAD,TRAIN
688,4,C,Base,114.99,25.66385,-100.16292,Hogar Reunión,UT_TRAFICO_VEHICULAR,TRAIN
689,4,C,Hogar,124.11,25.6576,-100.19825,Hogar Reunión,UT_DENSIDAD,TRAIN
45,4,CD,Hogar,95.22,25.60885,-100.15186,Hogar Reunión,UT_DENSIDAD,TRAIN
842,4,C,Hogar,86.38,25.66859,-100.20566,Hogar Reunión,UT_DENSIDAD,TRAIN
249,4,D,Base,110,25.64624,-100.09664,Parada Técnica,UT_GAS_URBANA,TRAIN
794,4,C,Hogar,108.38,25.62578,-100.10845,Hogar Reunión,UT_DENSIDAD,TRAIN
238,4,C,Hogar,125.16,25.67126,-100.15907,Hogar Reunión,UT_DENSIDAD,TRAIN
233,4,C,Base,102.97,25.6675,-100.17705,Oficinistas,UT_GAS_URBANA,TRAIN
812,4,C,Hogar,106.61,25.63369,-100.08873,Hogar Reunión,UT_DENSIDAD,TRAIN
225,4,D,Base,118.72,25.65933,-100.1462,Hogar Reunión,UT_GAS_URBANA,TRAIN
825,4,C,Hogar,116.88,25.621,-100.1357,Hogar Reunión,UT_DENSIDAD,TRAIN
829,4,C,Hogar,115.45,25.6583,-100.0982,NA,UT_DENSIDAD,TRAIN
788,4,C,Hogar,102.92,25.62279,-100.14207,Hogar Reunión,UT_DENSIDAD,TRAIN
845,4,C,Hogar,106.03,25.6792,-100.179,Hogar Reunión,UT_DENSIDAD,TRAIN
128,4,BC,Base,95.54,25.65119,-100.19772,Hogar Reunión,UT_DENSIDAD,TRAIN
216,4,C,Hogar,130.4,25.62346,-100.17471,Hogar Reunión,UT_DENSIDAD,TRAIN
198,4,BC,Base,118,25.64738,-100.09982,Hogar Reunión,UT_TRAFICO_VEHICULAR,TRAIN
163,4,C,Base,114.24,25.64966,-100.18897,Hogar Reunión,UT_GAS_URBANA,TRAIN
63,4,D,Hogar,108.53,25.66645,-100.10365,Hogar Reunión,UT_DENSIDAD,TRAIN
263,4,C,Hogar,144.12,25.67809,-100.16256,Hogar Reunión,UT_DENSIDAD,TRAIN
67,4,C,Receso,97.71,25.67955,-100.11205,Parada Técnica,UT_CARRETERA_GAS,TRAIN
68,4,D,Hogar,102.87,25.64911,-100.1431,Hogar Reunión,UT_GAS_URBANA,TRAIN
69,4,C,Hogar,101.82,25.61119,-100.17794,Hogar Reunión,UT_DENSIDAD,TRAIN
257,4,C,Hogar,106,25.66678,-100.16033,Hogar Reunión,UT_DENSIDAD,TRAIN
76,4,CD,Hogar,109.21,25.6064,-100.16801,Hogar Reunión,UT_DENSIDAD,TRAIN
62,4,CD,Base,85.25,25.64195,-100.11259,Hogar Reunión,UT_DENSIDAD,TRAIN
256,4,C,Hogar,95,25.65545,-100.12373,Hogar Reunión,UT_TRAFICO_VEHICULAR,TRAIN
78,4,CD,Hogar,115.44,25.68897,-100.11577,Hogar Reunión,UT_DENSIDAD,TRAIN
85,4,C,Receso,116.98,25.64717,-100.09112,Oficinistas,UT_DENSIDAD,TRAIN
86,4,C,Hogar,116.12,25.68957,-100.11101,Hogar Reunión,UT_DENSIDAD,TRAIN
89,4,B,Hogar,115.77,25.64365,-100.08587,Hogar Reunión,UT_DENSIDAD,TRAIN
781,4,C,Hogar,89.47,25.6386,-100.1923,Hogar Reunión,UT_DENSIDAD,TRAIN
96,4,C,Base,92.45,25.64882,-100.11601,Hogar Reunión,UT_DENSIDAD,TRAIN
476,4,C,Base,97.14,25.65174,-100.16009,Hogar Reunión,UT_GAS_URBANA,TRAIN
576,4,C,Hogar,110.74,25.65319,-100.20294,Hogar Reunión,UT_DENSIDAD,TRAIN
354,4,C,Base,101,25.65599,-100.18227,Oficinistas,UT_GAS_URBANA,TRAIN
478,4,C,Hogar,78.49,25.63906,-100.18691,Hogar Reunión,UT_DENSIDAD,TRAIN
325,4,C,Hogar,103,25.68066,-100.1747,Hogar Reunión,UT_DENSIDAD,TRAIN
586,4,C,Base,102.14,25.6606,-100.15012,Clásico,UT_TRAFICO_VEHICULAR,TRAIN
323,4,C,Hogar,103,25.65474,-100.19161,Hogar Reunión,UT_DENSIDAD,TRAIN
357,4,C,Hogar,99.48,25.64439,-100.18586,Hogar Reunión,UT_GAS_URBANA,TRAIN
469,4,C,Base,110.53,25.67482,-100.19868,Parada Técnica,UT_DENSIDAD,TRAIN
589,4,C,Hogar,107.21,25.63988,-100.19627,Hogar Reunión,UT_DENSIDAD,TRAIN
466,4,C,Hogar,77.01,25.65171,-100.19697,Hogar Reunión,UT_DENSIDAD,TRAIN
463,4,CD,Hogar,117.62,25.66278,-100.17165,Hogar Reunión,UT_DENSIDAD,TRAIN
592,4,C,Hogar,104.63,25.64027,-100.20374,Hogar Reunión,UT_DENSIDAD,TRAIN
454,4,C,Hogar,133.34,25.68396,-100.17319,Hogar Reunión,UT_DENSIDAD,TRAIN
313,4,C,Hogar,101,25.66092,-100.1955,Hogar Reunión,UT_DENSIDAD,TRAIN
342,4,C,Hogar,90,25.65693,-100.17219,Hogar Reunión,UT_DENSIDAD,TRAIN
343,4,C,Hogar,113,25.6585,-100.1898,Hogar Reunión,UT_DENSIDAD,TRAIN
531,4,C,Hogar,119,25.66834,-100.20095,Hogar Reunión,UT_DENSIDAD,TRAIN
301,4,C,Hogar,120,25.64824,-100.1831,Hogar Reunión,UT_DENSIDAD,TRAIN
344,4,C,Hogar,113.11,25.65219,-100.20159,Hogar Reunión,UT_TRAFICO_VEHICULAR,TRAIN
558,4,C,Hogar,108.4,25.66055,-100.15006,Hogar Reunión,UT_DENSIDAD,TRAIN
561,4,C,Hogar,117.26,25.66779,-100.1394,Hogar Reunión,UT_DENSIDAD,TRAIN
335,4,C,Hogar,119.72,25.68401,-100.17951,Hogar Reunión,UT_DENSIDAD,TRAIN
347,4,CD,Hogar,118,25.62776,-100.15437,Hogar Reunión,UT_DENSIDAD,TRAIN
378,4,C,Hogar,101.61,25.63521,-100.19571,Hogar Reunión,UT_DENSIDAD,TRAIN
377,4,C,Base,101.92,25.67398,-100.19056,Oficinistas,UT_GAS_URBANA,TRAIN
609,4,C,Hogar,112.76,25.6568,-100.20271,Hogar Reunión,UT_DENSIDAD,TRAIN
437,4,D,Hogar,132.58,25.6505,-100.19497,Hogar Reunión,UT_DENSIDAD,TRAIN
607,4,C,Base,113.87,25.65072,-100.17396,Hogar Reunión,UT_TRAFICO_VEHICULAR,TRAIN
405,4,C,Base,114.35,25.67513,-100.19265,Oficinistas,UT_GAS_URBANA,TRAIN
602,4,C,Hogar,119.59,25.64834,-100.20994,Hogar Reunión,UT_DENSIDAD,TRAIN
601,4,C,Hogar,115.58,25.6537,-100.15693,Hogar Reunión,UT_DENSIDAD,TRAIN
379,4,C,Hogar,84.9,25.66388,-100.20391,Hogar Reunión,UT_TRAFICO_VEHICULAR,TRAIN
421,4,C,Hogar,124.98,25.65846,-100.16494,Hogar Reunión,UT_DENSIDAD,TRAIN
305,4,B,Base,84,25.6634,-100.1497,Clásico,UT_DENSIDAD,TRAIN
312,4,C,Hogar,128,25.64689,-100.17775,Hogar Reunión,UT_DENSIDAD,TRAIN
397,4,C,Hogar,107.52,25.6812,-100.17201,Hogar Reunión,UT_DENSIDAD,TRAIN
416,4,C,Hogar,101.73,25.65194,-100.18565,Hogar Reunión,UT_DENSIDAD,TRAIN
381,5,C,Base,107.18,25.78953,-100.19482,Parada Técnica,UT_GAS_URBANA,TRAIN
513,5,C,Hogar,106.69,25.80144,-100.21888,Hogar Reunión,UT_DENSIDAD,TRAIN
512,5,B,Hogar,98.66,25.75565,-100.10629,Hogar Reunión,UT_DENSIDAD,TRAIN
382,5,C,Hogar,107.27,25.70592,-100.1009,Barrio Competido,UT_DENSIDAD,TRAIN
415,5,C,Hogar,99.9,25.74753,-100.15064,Hogar Reunión,UT_DENSIDAD,TRAIN
203,5,CD,Base,109.41,25.74875,-100.22658,Hogar Reunión,UT_TRAFICO_VEHICULAR,TRAIN
384,5,C,Hogar,116.15,25.70345,-100.09608,Hogar Reunión,UT_DENSIDAD,TRAIN
383,5,C,Hogar,107.4,25.70929,-100.10361,Parada Técnica,UT_DENSIDAD,TRAIN
418,5,CD,Hogar,119.18,25.75359,-100.15279,Hogar Reunión,UT_DENSIDAD,TRAIN
202,5,C,Base,80.28,25.82094,-100.22097,Hogar Reunión,UT_DENSIDAD,TRAIN
412,5,C,Hogar,115.2,25.80539,-100.21943,Hogar Reunión,UT_DENSIDAD,TRAIN
393,5,C,Hogar,112.3,25.82126,-100.10702,Hogar Reunión,UT_DENSIDAD,TRAIN
235,5,C,Base,126.41,25.78424,-100.26629,Hogar Reunión,UT_DENSIDAD,TRAIN
394,5,C,Hogar,111.77,25.81771,-100.1078,Hogar Reunión,UT_DENSIDAD,TRAIN
535,5,C,Base,114.38,25.78523,-100.19049,Parada Técnica,UT_TRAFICO_PEATONAL,TRAIN
534,5,C,Hogar,115.02,25.80848,-100.2275,Hogar Reunión,UT_DENSIDAD,TRAIN
533,5,C,Hogar,117.29,25.76443,-100.26214,Hogar Reunión,UT_DENSIDAD,TRAIN
398,5,C,Hogar,95.97,25.76204,-100.13888,Hogar Reunión,UT_DENSIDAD,TRAIN
399,5,D,Hogar,108.42,25.8141,-100.25587,Hogar Reunión,UT_DENSIDAD,TRAIN
385,5,CD,Hogar,112.95,25.71077,-100.09625,Barrio Competido,UT_DENSIDAD,TRAIN
388,5,C,Hogar,111.77,25.82395,-100.12135,Hogar Reunión,UT_DENSIDAD,TRAIN
403,5,C,Hogar,109.73,25.8132,-100.10732,Parada Técnica,UT_DENSIDAD,TRAIN
387,5,C,Hogar,118.08,25.75882,-100.17007,Barrio Competido,UT_TRAFICO_VEHICULAR,TRAIN
217,5,CD,Hogar,115.81,25.79035,-100.26302,Hogar Reunión,UT_DENSIDAD,TRAIN
386,5,C,Hogar,107.1,25.70686,-100.09634,Oficinistas,UT_DENSIDAD,TRAIN
459,5,C,Hogar,82.92,25.73927,-100.14431,Hogar Reunión,UT_DENSIDAD,TRAIN
136,5,CD,Hogar,107.9,25.77565,-100.26596,Hogar Reunión,UT_DENSIDAD,TRAIN
468,5,C,Hogar,115,25.82092,-100.23078,Hogar Reunión,UT_DENSIDAD,TRAIN
467,5,C,Hogar,121.19,25.82195,-100.23402,Hogar Reunión,UT_DENSIDAD,TRAIN
371,5,C,Peatonal,95,25.77614,-100.18724,Oficinistas,UT_TRAFICO_PEATONAL,TRAIN
465,5,C,Base,121.28,25.77893,-100.25511,Hogar Reunión,UT_TRAFICO_VEHICULAR,TRAIN
359,5,C,Hogar,66.24,25.79337,-100.23526,Hogar Reunión,UT_DENSIDAD,TRAIN
462,5,C,Base,64.51,25.7795,-100.1882,Oficinistas,UT_TRAFICO_PEATONAL,TRAIN
461,5,C,Hogar,99.45,25.76057,-100.2168,Hogar Reunión,UT_DENSIDAD,TRAIN
137,5,D,Hogar,128.96,25.78499,-100.25311,Hogar Reunión,UT_GAS_URBANA,TRAIN
362,5,C,Base,96,25.81464,-100.217,Hogar Reunión,UT_GAS_URBANA,TRAIN
115,5,BC,Receso,160.2,25.78965,-100.14666,Parada Técnica,UT_CARRETERA_GAS,TRAIN
363,5,C,Hogar,115.79,25.81966,-100.25688,Hogar Reunión,UT_DENSIDAD,TRAIN
364,5,C,Hogar,108.21,25.74235,-100.21792,Clásico,UT_GAS_URBANA,TRAIN
369,5,C,Hogar,95.22,25.76323,-100.14641,Hogar Reunión,UT_DENSIDAD,TRAIN
368,5,C,Hogar,92.06,25.76541,-100.14872,Hogar Reunión,UT_DENSIDAD,TRAIN
448,5,C,Base,123.86,25.77803,-100.17311,Oficinistas,UT_TRAFICO_VEHICULAR,TRAIN
451,5,C,Base,121.96,25.78324,-100.0539,Hogar Reunión,UT_DENSIDAD,TRAIN
449,5,C,Hogar,121.98,25.74115,-100.22425,Parada Técnica,UT_DENSIDAD,TRAIN
482,5,C,Receso,129.1,25.78409,-100.1831,Oficinistas,UT_TRAFICO_PEATONAL,TRAIN
353,5,C,Hogar,97.45,25.75508,-100.1333,Hogar Reunión,UT_DENSIDAD,TRAIN
422,5,C,Base,147.56,25.87785,-100.25374,Parada Técnica,UT_GAS_URBANA,TRAIN
168,5,CD,Receso,114.1,25.85564,-100.23961,Parada Técnica,UT_CARRETERA_GAS,TRAIN
426,5,C,Receso,109.92,25.77853,-100.18607,Oficinistas,UT_TRAFICO_PEATONAL,TRAIN
166,5,CD,Hogar,95.54,25.79733,-100.24907,Hogar Reunión,UT_DENSIDAD,TRAIN
428,5,C,Hogar,143.24,25.79502,-100.21742,Hogar Reunión,UT_DENSIDAD,TRAIN
502,5,C,Base,111.44,25.78769,-100.18016,Hogar Reunión,UT_TRAFICO_VEHICULAR,TRAIN
481,5,C,Hogar,113.5,25.7829,-100.2648,Hogar Reunión,UT_DENSIDAD,TRAIN
479,5,C,Receso,117.85,25.78114,-100.18658,Oficinistas,UT_TRAFICO_PEATONAL,TRAIN
432,5,CD,Hogar,112.31,25.81587,-100.26231,Hogar Reunión,UT_DENSIDAD,TRAIN
376,5,C,Hogar,97.3,25.74147,-100.15877,Hogar Reunión,UT_GAS_URBANA,TRAIN
434,5,C,Hogar,105.56,25.78113,-100.25848,Hogar Reunión,UT_DENSIDAD,TRAIN
142,5,BC,Hogar,131.12,25.7783,-100.18404,Parada Técnica,UT_CARRETERA_GAS,TRAIN
373,5,CD,Hogar,108.32,25.75829,-100.13589,Hogar Reunión,UT_DENSIDAD,TRAIN
678,5,C,Hogar,125.71,25.80739,-100.23326,Hogar Reunión,UT_DENSIDAD,TRAIN
743,5,B,Hogar,110.65,25.7687,-100.21336,Hogar Reunión,UT_DENSIDAD,TRAIN
603,5,C,Base,129.77,25.77272,-100.01139,Parada Técnica,UT_TRAFICO_VEHICULAR,TRAIN
574,5,C,Hogar,107.74,25.8221,-100.25906,Hogar Reunión,UT_DENSIDAD,TRAIN
334,5,C,Receso,117,25.77734,-100.18229,Parada Técnica,UT_CARRETERA_GAS,TRAIN
608,5,C,Hogar,110.37,25.78701,-100.20481,Hogar Reunión,UT_DENSIDAD,TRAIN
568,5,C,Hogar,108.3,25.79812,-100.25672,Hogar Reunión,UT_DENSIDAD,TRAIN
683,5,C,Hogar,128.77,25.75383,-100.10352,Barrio Competido,UT_DENSIDAD,TRAIN
679,5,C,Hogar,120.39,25.75634,-100.16623,Hogar Reunión,UT_DENSIDAD,TRAIN
742,5,C,Base,130.38,25.79436,-100.08207,Parada Técnica,UT_TRAFICO_VEHICULAR,TRAIN
563,5,C,Base,116.56,25.77845,-100.02328,Parada Técnica,UT_TRAFICO_VEHICULAR,TRAIN
255,5,C,Hogar,120,25.77606,-100.25501,Hogar Reunión,UT_DENSIDAD,TRAIN
676,5,C,Hogar,112.43,25.77877,-100.2631,Hogar Reunión,UT_DENSIDAD,TRAIN
675,5,C,Base,120.27,25.78519,-100.05869,Hogar Reunión,UT_TRAFICO_VEHICULAR,TRAIN
339,5,BC,Peatonal,113,25.77858,-100.12156,Parada Técnica,UT_GAS_URBANA,TRAIN
771,5,C,Hogar,117.95,25.77843,-100.24895,Hogar Reunión,UT_DENSIDAD,TRAIN
772,5,C,Hogar,89.6,25.79316,-100.18115,,UT_DENSIDAD,TRAIN
773,5,C,Hogar,94.84,25.80301,-100.22922,Hogar Reunión,UT_DENSIDAD,TRAIN
283,5,C,Hogar,98.26,25.76396,-100.24963,Hogar Reunión,UT_DENSIDAD,TRAIN
669,5,C,Base,113.8,25.82412,-100.21998,Hogar Reunión,UT_TRAFICO_VEHICULAR,TRAIN
775,5,C,Hogar,115.38,25.76244,-100.25412,Hogar Reunión,UT_DENSIDAD,TRAIN
392,5,C,Receso,103.55,25.78061,-100.18968,Oficinistas,UT_TRAFICO_PEATONAL,TRAIN
596,5,B,Hogar,129.77,25.79536,-100.0951,Hogar Reunión,UT_DENSIDAD,TRAIN
703,5,C,Hogar,115.5,25.75169,-100.15797,Hogar Reunión,UT_DENSIDAD,TRAIN
705,5,C,Hogar,110.65,25.74365,-100.1505,Hogar Reunión,UT_DENSIDAD,TRAIN
269,5,C,Base,118,25.77694,-100.25638,Barrio Competido,UT_GAS_URBANA,TRAIN
707,5,C,Hogar,137.47,25.77529,-100.23816,Hogar Reunión,UT_DENSIDAD,TRAIN
319,5,CD,Hogar,109.81,25.83017,-100.24536,Hogar Reunión,UT_TRAFICO_VEHICULAR,TRAIN
714,5,C,Hogar,111.49,25.87926,-100.0327,Hogar Reunión,UT_DENSIDAD,TRAIN
698,5,C,Hogar,125.1,25.7564,-100.2484,Hogar Reunión,UT_DENSIDAD,TRAIN
239,5,C,Hogar,127.58,25.76451,-100.2572,Hogar Reunión,UT_DENSIDAD,TRAIN
266,5,C,Receso,156.95,25.76677,-100.20124,Parada Técnica,UT_CARRETERA_GAS,TRAIN
636,5,C,Hogar,118.07,25.79726,-100.05891,Parada Técnica,UT_DENSIDAD,TRAIN
265,5,C,Hogar,104.01,25.78422,-100.19039,Oficinistas,UT_CARRETERA_GAS,TRAIN
729,5,C,Base,122.28,25.78478,-100.25775,Hogar Reunión,UT_TRAFICO_VEHICULAR,TRAIN
732,5,C,Hogar,118.46,25.75866,-100.10849,Parada Técnica,UT_DENSIDAD,TRAIN
733,5,C,Base,96.29,25.79861,-100.20199,Hogar Reunión,UT_TRAFICO_VEHICULAR,TRAIN
696,5,C,Hogar,117.97,25.77371,-100.23999,Hogar Reunión,UT_DENSIDAD,TRAIN
736,5,C,Hogar,111.44,25.81079,-100.21974,Hogar Reunión,UT_DENSIDAD,TRAIN
738,5,C,Base,122.43,25.77445,-100.19367,Clásico,UT_TRAFICO_VEHICULAR,TRAIN
739,5,C,Base,110.12,25.80732,-100.24986,Hogar Reunión,UT_TRAFICO_VEHICULAR,TRAIN
273,5,C,Base,108.72,25.76794,-100.24138,Hogar Reunión,UT_GAS_URBANA,TRAIN
651,5,C,Base,115.11,25.77467,-100.20012,Hogar Reunión,UT_TRAFICO_VEHICULAR,TRAIN
795,5,C,Receso,108.54,25.72208,-100.11152,Parada Técnica,UT_GAS_URBANA,TRAIN
666,5,C,Hogar,115.21,25.7564,-100.23588,Hogar Reunión,UT_DENSIDAD,TRAIN
244,5,CD,Hogar,128,25.80301,-100.22456,Hogar Reunión,UT_TRAFICO_VEHICULAR,TRAIN
647,5,C,Hogar,121.89,25.7865,-100.26285,Hogar Reunión,UT_DENSIDAD,TRAIN
661,5,C,Hogar,114.88,25.71494,-100.10718,Hogar Reunión,UT_DENSIDAD,TRAIN
631,5,C,Hogar,121.89,25.7878,-100.26697,Hogar Reunión,UT_DENSIDAD,TRAIN
796,5,C,Base,128.56,25.80135,-100.157,Parada Técnica,UT_GAS_URBANA,TRAIN
664,5,C,Hogar,114.11,25.76367,-100.24509,Hogar Reunión,UT_DENSIDAD,TRAIN
797,5,C,Receso,101.34,25.71515,-100.10426,Parada Técnica,UT_GAS_URBANA,TRAIN
799,5,C,Hogar,120.22,25.77842,-100.20311,Hogar Reunión,UT_GAS_URBANA,TRAIN
646,5,C,Hogar,97.46,25.8184,-100.09625,Hogar Reunión,UT_DENSIDAD,TRAIN
304,5,C,Base,108,25.78333,-100.22558,Hogar Reunión,UT_CARRETERA_GAS,TRAIN
777,5,C,Hogar,94.33,25.76835,-100.25045,Hogar Reunión,UT_DENSIDAD,TRAIN
634,5,C,Hogar,120.05,25.79764,-100.26361,Hogar Reunión,UT_DENSIDAD,TRAIN
549,5,B,Hogar,120.77,25.7083,-100.08768,Barrio Competido,UT_DENSIDAD,TRAIN
88,6,C,Receso,89.67,25.3844,-100.11426,Hogar Reunión,UT_CARRETERA_GAS,TRAIN
87,6,C,Receso,121.22,24.87257,-99.57919,Parada Técnica,UT_GAS_URBANA,TRAIN
21,6,CD,Hogar,99,25.18824,-99.80819,Barrio Competido,UT_DENSIDAD,TRAIN
84,6,C,Hogar,96.9,25.40713,-100.13747,Hogar Reunión,UT_DENSIDAD,TRAIN
83,6,C,Hogar,106.7,25.5778,-100.01034,Hogar Reunión,UT_DENSIDAD,TRAIN
82,6,CD,Base,112.21,24.85338,-99.55459,Hogar Reunión,UT_TRAFICO_VEHICULAR,TRAIN
81,6,D,Hogar,114.06,25.56297,-99.97865,Hogar Reunión,UT_GAS_URBANA,TRAIN
22,6,C,Hogar,78,25.57557,-99.98963,Hogar Reunión,UT_TRAFICO_VEHICULAR,TRAIN
98,6,C,Receso,128.13,24.8886,-99.67181,Parada Técnica,UT_CARRETERA_GAS,TRAIN
97,6,C,Hogar,113.55,25.19287,-99.82562,Oficinistas,UT_DENSIDAD,TRAIN
95,6,C,Hogar,107.87,24.86121,-99.5874,Hogar Reunión,UT_DENSIDAD,TRAIN
94,6,C,Hogar,124.93,25.2663,-100.00712,Hogar Reunión,UT_TRAFICO_VEHICULAR,TRAIN
93,6,C,Receso,92.17,25.61114,-100.04841,Parada Técnica,UT_CARRETERA_GAS,TRAIN
92,6,B,Receso,121.2,25.28406,-100.01023,Parada Técnica,UT_DENSIDAD,TRAIN
91,6,C,Hogar,126.7,24.86346,-99.52436,Hogar Reunión,UT_DENSIDAD,TRAIN
282,6,BC,Receso,114,24.85018,-99.5719,Parada Técnica,UT_CARRETERA_GAS,TRAIN
58,6,C,Receso,83.65,25.1883,-99.83526,Oficinistas,UT_TRAFICO_PEATONAL,TRAIN
57,6,C,Receso,122.02,25.24865,-99.97038,Parada Técnica,UT_CARRETERA_GAS,TRAIN
31,6,C,Hogar,112,25.29708,-100.02935,Hogar Reunión,UT_DENSIDAD,TRAIN
55,6,C,Base,115.53,25.47078,-100.17538,Parada Técnica,UT_CARRETERA_GAS,TRAIN
54,6,CD,Base,121.5,25.18022,-99.83248,Hogar Reunión,UT_TRAFICO_VEHICULAR,TRAIN
53,6,C,Receso,103.21,25.15216,-99.84832,Parada Técnica,UT_CARRETERA_GAS,TRAIN
33,6,C,Base,123.53,25.25546,-99.68657,Hogar Reunión,UT_TRAFICO_PEATONAL,TRAIN
34,6,C,Base,116,25.28155,-100.0205,Clásico,UT_DENSIDAD,TRAIN
35,6,C,Receso,96,24.8626,-99.57939,Parada Técnica,UT_CARRETERA_GAS,TRAIN
51,6,D,Base,110.27,24.85599,-99.53781,Hogar Reunión,UT_GAS_URBANA,TRAIN
59,6,CD,Base,142.67,25.25199,-99.70225,Hogar Reunión,UT_TRAFICO_VEHICULAR,TRAIN
36,6,C,Hogar,109.93,25.1755,-99.83795,Hogar Reunión,UT_DENSIDAD,TRAIN
49,6,C,Receso,109,25.39686,-100.13477,Hogar Reunión,UT_TRAFICO_VEHICULAR,TRAIN
48,6,C,Hogar,99.74,25.19349,-99.83942,Parada Técnica,UT_GAS_URBANA,TRAIN
47,6,C,Hogar,79.57,24.86497,-99.561,Hogar Reunión,UT_TRAFICO_PEATONAL,TRAIN
46,6,C,Hogar,106.51,25.58484,-99.98952,Hogar Reunión,UT_GAS_URBANA,TRAIN
38,6,C,Receso,105.05,25.6076,-99.64965,Parada Técnica,UT_CARRETERA_GAS,TRAIN
42,6,D,Hogar,92.84,25.57826,-100.02549,Hogar Reunión,UT_DENSIDAD,TRAIN
41,6,C,Base,83.13,25.45995,-99.99653,Parada Técnica,UT_CARRETERA_GAS,TRAIN
39,6,C,Receso,91.34,25.71129,-99.25392,Parada Técnica,UT_CARRETERA_GAS,TRAIN
71,6,C,Base,100.28,25.58097,-100.00314,Parada Técnica,UT_TRAFICO_VEHICULAR,TRAIN
23,6,C,Receso,95,24.88103,-99.58133,Oficinistas,UT_TRAFICO_PEATONAL,TRAIN
77,6,C,Hogar,108.36,25.22275,-99.93358,Hogar Reunión,UT_TRAFICO_VEHICULAR,TRAIN
75,6,C,Receso,104.8,24.86431,-99.57059,Oficinistas,UT_TRAFICO_PEATONAL,TRAIN
24,6,BC,Receso,93,25.18881,-99.82257,Clásico,UT_TRAFICO_VEHICULAR,TRAIN
25,6,C,Base,95,25.18958,-99.85066,Parada Técnica,UT_TRAFICO_VEHICULAR,TRAIN
74,6,C,Base,102.85,25.58452,-100.00093,Hogar Reunión,UT_TRAFICO_VEHICULAR,TRAIN
73,6,C,Base,104.45,25.59638,-100.02602,Hogar Reunión,UT_TRAFICO_VEHICULAR,TRAIN
72,6,CD,Receso,103.84,25.60005,-99.99983,Parada Técnica,UT_CARRETERA_GAS,TRAIN
79,6,CD,Base,106.62,24.8547,-99.56993,Hogar Reunión,UT_TRAFICO_VEHICULAR,TRAIN
26,6,C,Base,89,24.86496,-99.56645,Parada Técnica,UT_TRAFICO_VEHICULAR,TRAIN
27,6,C,Base,101,25.18924,-99.8317,Hogar Reunión,UT_TRAFICO_VEHICULAR,TRAIN
66,6,C,Hogar,78.81,25.18693,-99.82255,Hogar Reunión,UT_TRAFICO_VEHICULAR,TRAIN
65,6,C,Hogar,103.01,24.8592,-99.55032,Hogar Reunión,UT_TRAFICO_VEHICULAR,TRAIN
64,6,C,Receso,105.75,25.58841,-100.00187,Oficinistas,UT_TRAFICO_VEHICULAR,TRAIN
277,6,C,Receso,105.66,25.27453,-100.01677,Parada Técnica,UT_CARRETERA_GAS,TRAIN
28,6,CD,Hogar,108,25.57477,-99.97964,Hogar Reunión,UT_DENSIDAD,TRAIN
61,6,CD,Base,106.78,25.79335,-99.17981,Hogar Reunión,UT_TRAFICO_VEHICULAR,TRAIN
29,6,C,Receso,95,25.19407,-99.83954,Oficinistas,UT_DENSIDAD,TRAIN
837,6,C,Peatonal,56.2,25.59165,-100.00124,Oficinistas,UT_TRAFICO_PEATONAL,TRAIN
218,6,BC,Hogar,128.5,25.43097,-100.15274,Hogar Reunión,UT_TRAFICO_VEHICULAR,TRAIN
215,6,CD,Receso,109.4,24.86443,-99.57326,Oficinistas,UT_TRAFICO_VEHICULAR,TRAIN
219,6,BC,Hogar,119.2,25.4797,-100.17906,Parada Técnica,UT_CARRETERA_GAS,TRAIN
213,6,BC,Receso,105.66,25.41392,-100.14064,Parada Técnica,UT_TRAFICO_VEHICULAR,TRAIN
209,6,CD,Receso,108.65,25.26578,-100.00734,Hogar Reunión,UT_CARRETERA_GAS,TRAIN
208,6,BC,Base,55,25.49461,-100.18759,Hogar Reunión,UT_TRAFICO_VEHICULAR,TRAIN
206,6,BC,Receso,107,25.45105,-100.16215,Hogar Reunión,UT_TRAFICO_PEATONAL,TRAIN
205,6,BC,Receso,108.87,25.42426,-100.15199,Oficinistas,UT_CARRETERA_GAS,TRAIN
232,6,C,Receso,125,25.60058,-99.97002,Parada Técnica,UT_CARRETERA_GAS,TRAIN
793,6,C,Base,109.4,25.1903,-99.8164,Clásico,UT_TRAFICO_VEHICULAR,TRAIN
815,6,C,Receso,114.34,25.56212,-100.0206,Parada Técnica,UT_GAS_URBANA,TRAIN
229,6,CD,Receso,124.8,25.27826,-100.01964,Oficinistas,UT_TRAFICO_PEATONAL,TRAIN
228,6,C,Base,108,25.37839,-100.11195,Parada Técnica,UT_CARRETERA_GAS,TRAIN
227,6,C,Receso,98.4,24.85589,-99.56377,Hogar Reunión,UT_TRAFICO_VEHICULAR,TRAIN
226,6,CD,Receso,135.72,24.85948,-99.56629,Oficinistas,UT_TRAFICO_PEATONAL,TRAIN
791,6,C,Hogar,117.45,25.182,-99.8244,Hogar Reunión,UT_DENSIDAD,TRAIN
224,6,CD,Receso,102,25.1895,-99.83821,Parada Técnica,UT_GAS_URBANA,TRAIN
155,6,CD,Receso,89,25.59048,-100.00025,Parada Técnica,UT_DENSIDAD,TRAIN
153,6,BC,Receso,106.5,25.18819,-99.82875,Barrio Competido,UT_TRAFICO_PEATONAL,TRAIN
144,6,BC,Receso,121.21,24.88035,-99.58588,Parada Técnica,UT_CARRETERA_GAS,TRAIN
124,6,BC,Base,122.17,25.46137,-100.17089,Parada Técnica,UT_TRAFICO_VEHICULAR,TRAIN
123,6,BC,Hogar,126.17,25.50882,-100.19437,Hogar Reunión,UT_CARRETERA_GAS,TRAIN
114,6,BC,Base,118.6,25.27831,-100.02243,Parada Técnica,UT_TRAFICO_VEHICULAR,TRAIN
186,6,BC,Base,104,25.40545,-100.13366,Hogar Reunión,UT_TRAFICO_VEHICULAR,TRAIN
201,6,BC,Receso,126.6,25.18989,-99.82471,Oficinistas,UT_TRAFICO_PEATONAL,TRAIN
197,6,B,Base,117,25.27938,-100.02285,Parada Técnica,UT_TRAFICO_VEHICULAR,TRAIN
195,6,BC,Hogar,101,25.57531,-100.00992,Hogar Reunión,UT_TRAFICO_PEATONAL,TRAIN
194,6,BC,Base,70.22,25.42277,-100.14712,Hogar Reunión,UT_CARRETERA_GAS,TRAIN
192,6,CD,Base,93.17,25.59289,-100.01045,Clásico,UT_DENSIDAD,TRAIN
189,6,CD,Base,86.11,25.5929,-99.99295,Clásico,UT_TRAFICO_VEHICULAR,TRAIN
187,6,BC,Base,98.7,25.59232,-100.0127,Hogar Reunión,UT_DENSIDAD,TRAIN
183,6,CD,Receso,164,25.18675,-99.83461,Parada Técnica,UT_TRAFICO_VEHICULAR,TRAIN
172,6,CD,Receso,122.7,25.19135,-99.81539,Parada Técnica,UT_CARRETERA_GAS,TRAIN
